Date;Time;Version;Ulkolampotila_index;BT1 Mean;Lammitys_meno_index;Lammitys_tulo_index;Kaivo_tulo_index;Kaivo_meno_index;Laskettu_meno_index;Asteminuutit_index;Alarm;RELAYS PCA BASE;BT12;BT14;BT17;Tot.int.add.;Toimintatila_index;Kayttovesi_index;BT50
2016-02-21;10:07:08;1199;-12;-20;344;294;35;-6;361;-786;0;7;348;613;43;0;30;443;205
2016-02-21;10:08:08;1199;-12;-20;348;298;35;-5;361;-802;0;7;352;617;38;0;30;443;205
2016-02-21;10:09:08;1199;-12;-20;351;301;35;-5;361;-815;0;7;353;622;43;0;30;443;205
2016-02-21;10:10:08;1199;-12;-20;353;303;37;-5;361;-825;0;7;357;626;38;0;30;442;205
2016-02-21;10:11:08;1199;-12;-20;357;306;37;-5;361;-832;0;7;358;631;43;0;30;442;205
2016-02-21;10:12:08;1199;-12;-19;358;309;37;-5;361;-837;0;7;360;633;41;0;30;442;205
2016-02-21;10:13:08;1199;-12;-19;359;311;35;-5;361;-840;0;7;361;636;42;0;30;442;205
2016-02-21;10:14:08;1199;-11;-19;361;314;30;-7;361;-841;0;7;364;642;35;0;30;442;205
2016-02-21;10:15:08;1199;-11;-19;363;316;27;-10;361;-840;0;7;365;645;32;0;30;442;205
2016-02-21;10:16:08;1199;-10;-19;365;317;24;-12;362;-838;0;7;366;651;34;0;30;442;205
2016-02-21;10:17:08;1199;-10;-19;365;319;22;-13;362;-835;0;7;368;652;28;0;30;442;205
2016-02-21;10:18:08;1199;-10;-19;367;319;22;-15;362;-831;0;7;368;655;32;0;30;442;205
2016-02-21;10:19:08;1199;-10;-19;368;321;21;-15;362;-826;0;7;370;658;29;0;30;442;205
2016-02-21;10:20:08;1199;-10;-19;369;322;21;-14;362;-820;0;7;371;659;28;0;30;442;205
2016-02-21;10:21:08;1199;-10;-19;371;324;20;-16;362;-812;0;7;372;663;30;0;30;442;205
2016-02-21;10:22:08;1199;-10;-19;373;325;19;-15;362;-803;0;7;374;664;26;0;30;442;205
2016-02-21;10:23:08;1199;-10;-19;374;327;20;-15;362;-792;0;7;375;667;30;0;30;441;205
2016-02-21;10:24:08;1199;-10;-19;375;328;19;-17;362;-780;0;7;377;669;28;0;30;441;205
2016-02-21;10:25:08;1199;-10;-19;377;329;19;-16;362;-766;0;7;377;670;27;0;30;441;205
2016-02-21;10:26:08;1199;-10;-19;377;330;19;-17;362;-751;0;7;378;673;30;0;30;441;205
2016-02-21;10:27:08;1199;-10;-19;378;331;18;-17;362;-735;0;7;380;674;26;0;30;441;205
2016-02-21;10:28:08;1199;-10;-19;379;331;17;-17;362;-718;0;7;380;677;27;0;30;441;205
2016-02-21;10:29:08;1199;-10;-19;380;331;14;-19;362;-701;0;7;381;678;26;0;30;441;205
2016-02-21;10:30:08;1199;-10;-19;380;334;14;-19;362;-683;0;7;382;678;22;0;30;441;205
2016-02-21;10:31:08;1199;-10;-19;382;334;13;-19;362;-664;0;7;382;683;26;0;30;441;205
2016-02-21;10:32:08;1199;-9;-19;383;335;13;-19;360;-644;0;7;384;684;23;0;30;440;205
2016-02-21;10:33:08;1199;-9;-19;384;336;13;-20;360;-621;0;7;384;684;22;0;30;440;205
2016-02-21;10:34:08;1199;-8;-19;384;337;13;-19;360;-597;0;7;385;688;26;0;30;440;205
2016-02-21;10:35:08;1199;-8;-19;385;337;12;-21;360;-573;0;7;386;687;22;0;30;440;205
2016-02-21;10:36:08;1199;-8;-19;385;338;12;-20;360;-548;0;7;386;688;24;0;30;440;205
2016-02-21;10:37:08;1199;-8;-19;386;338;11;-21;360;-522;0;7;386;691;25;0;30;440;205
2016-02-21;10:38:08;1199;-8;-19;386;339;11;-21;360;-496;0;7;387;691;21;0;30;439;205
2016-02-21;10:39:08;1199;-8;-19;386;340;11;-21;360;-470;0;7;386;692;24;0;30;439;205
2016-02-21;10:40:08;1199;-8;-19;387;340;11;-21;360;-443;0;7;387;694;26;0;30;439;205
2016-02-21;10:41:08;1199;-8;-18;388;341;9;-21;360;-416;0;7;388;694;19;0;30;439;205
2016-02-21;10:42:08;1199;-8;-18;388;342;9;-22;360;-388;0;7;388;696;24;0;30;439;205
2016-02-21;10:43:08;1199;-8;-18;388;342;9;-23;360;-360;0;7;389;698;22;0;30;438;205
2016-02-21;10:44:08;1199;-8;-18;389;342;9;-23;360;-332;0;7;389;696;19;0;30;438;205
2016-02-21;10:45:08;1199;-8;-18;389;343;7;-23;360;-303;0;7;389;699;21;0;30;438;205
2016-02-21;10:46:08;1199;-8;-18;389;344;8;-25;360;-274;0;7;390;702;24;0;30;437;205
2016-02-21;10:47:08;1199;-8;-18;390;344;8;-23;360;-244;0;7;391;699;18;0;30;437;205
2016-02-21;10:48:08;1199;-7;-18;390;345;6;-24;360;-214;0;7;390;702;21;0;30;437;205
2016-02-21;10:49:08;1199;-6;-18;391;345;8;-25;360;-184;0;7;391;704;24;0;30;437;205
2016-02-21;10:50:08;1199;-6;-18;391;346;8;-23;360;-154;0;7;392;702;18;0;30;437;205
2016-02-21;10:51:08;1199;-6;-18;392;346;8;-24;360;-123;0;7;392;704;23;0;30;436;205
2016-02-21;10:52:08;1199;-6;-18;392;346;6;-25;360;-91;0;7;392;705;21;0;30;436;205
2016-02-21;10:53:09;1199;-6;-18;392;346;6;-25;360;-59;0;7;393;705;18;0;30;435;205
2016-02-21;10:54:09;1199;-6;-18;393;347;6;-25;360;-27;0;7;393;707;21;0;30;435;205
2016-02-21;10:55:09;1199;-6;-18;393;346;8;-6;360;8;0;2;395;675;38;0;10;435;205
2016-02-21;10:56:09;1199;-6;-18;392;345;13;6;360;41;0;2;404;610;76;0;10;434;205
2016-02-21;10:57:09;1199;-6;-18;392;345;16;13;360;73;0;2;408;552;109;0;10;434;205
2016-02-21;10:58:09;1199;-6;-18;391;344;19;16;360;105;0;2;406;508;138;0;10;434;205
2016-02-21;10:59:09;1199;-6;-18;389;344;22;19;360;136;0;2;401;477;158;0;10;433;205
2016-02-21;11:00:09;1199;-6;-18;386;343;25;22;360;164;0;2;395;457;175;0;10;433;205
2016-02-21;11:01:09;1199;-6;-18;383;341;28;27;360;190;0;2;387;440;192;0;10;432;205
2016-02-21;11:02:09;1199;-6;-18;380;339;30;31;360;215;0;2;381;426;208;0;10;432;205
2016-02-21;11:03:09;1199;-6;-18;376;338;34;35;360;234;0;2;374;414;221;0;10;432;205
2016-02-21;11:04:09;1199;-6;-17;373;336;37;38;358;250;0;2;367;403;232;0;10;431;206
2016-02-21;11:05:09;1199;-6;-17;368;335;40;40;360;264;0;2;362;394;241;0;10;431;205
2016-02-21;11:06:09;1199;-6;-17;365;334;43;41;358;274;0;2;358;386;248;0;10;430;206
2016-02-21;11:07:09;1199;-6;-17;362;333;46;43;358;280;0;2;355;380;253;0;10;430;206
2016-02-21;11:08:09;1199;-6;-17;359;332;47;44;360;281;0;2;351;373;257;0;10;429;205
2016-02-21;11:09:09;1199;-6;-17;357;331;50;46;360;279;0;2;348;368;260;0;10;429;205
2016-02-21;11:10:09;1199;-6;-17;354;331;53;47;360;277;0;2;346;364;263;0;10;429;205
2016-02-21;11:11:09;1199;-5;-17;351;329;55;48;361;272;0;2;344;361;264;0;10;428;205
2016-02-21;11:12:09;1199;-5;-17;349;329;58;49;361;264;0;2;342;358;265;0;10;428;205
2016-02-21;11:13:09;1199;-5;-17;346;327;60;50;361;253;0;2;340;356;266;0;10;427;205
2016-02-21;11:14:09;1199;-5;-17;344;326;62;50;359;238;0;2;339;353;267;0;10;427;206
2016-02-21;11:15:09;1199;-5;-17;342;325;64;52;359;223;0;2;338;351;267;0;10;426;206
2016-02-21;11:16:09;1199;-5;-17;341;324;66;53;361;204;0;2;337;349;267;0;10;426;205
2016-02-21;11:17:09;1199;-4;-17;340;324;69;53;361;184;0;2;337;347;267;0;10;426;205
2016-02-21;11:18:09;1199;-3;-17;339;322;71;55;359;165;0;2;336;345;267;0;10;425;206
2016-02-21;11:19:09;1199;-3;-17;338;321;72;56;359;145;0;2;335;343;267;0;10;425;206
2016-02-21;11:20:09;1199;-3;-17;337;320;75;56;361;122;0;2;334;341;266;0;10;425;205
2016-02-21;11:21:09;1199;-3;-17;337;319;76;58;361;100;0;2;334;339;266;0;10;424;205
2016-02-21;11:22:09;1199;-3;-17;336;319;78;59;359;78;0;2;333;338;265;0;10;424;206
2016-02-21;11:23:09;1199;-1;-17;335;317;80;59;359;54;0;2;332;336;265;0;10;424;206
2016-02-21;11:24:09;1199;-1;-17;335;316;82;60;361;31;0;2;331;334;265;0;10;423;205
2016-02-21;11:25:09;1199;-1;-16;334;316;83;61;361;7;0;2;331;333;264;0;10;423;205
2016-02-21;11:26:09;1199;1;-16;334;314;84;62;361;-19;0;2;330;331;263;0;10;423;205
2016-02-21;11:27:09;1199;1;-16;333;313;87;62;359;-46;0;2;329;331;263;0;10;423;206
2016-02-21;11:28:09;1199;2;-16;333;312;88;63;361;-74;0;2;328;329;262;0;10;422;205
2016-02-21;11:29:09;1199;2;-16;332;311;90;64;359;-100;0;2;327;328;262;0;10;422;206
2016-02-21;11:30:09;1199;3;-16;331;310;91;65;360;-129;0;2;327;326;261;0;10;422;206
2016-02-21;11:31:09;1199;4;-16;331;309;92;66;358;-156;0;2;326;325;260;0;10;422;206
2016-02-21;11:32:09;1199;4;-16;331;308;94;66;358;-186;0;2;325;324;260;0;10;421;206
2016-02-21;11:33:09;1199;4;-16;330;307;95;68;358;-213;0;2;324;323;259;0;10;421;206
2016-02-21;11:34:09;1199;5;-16;329;306;96;69;363;-241;0;2;323;321;258;0;10;421;205
2016-02-21;11:35:09;1199;6;-16;329;305;98;69;358;-270;0;2;322;320;258;0;10;421;206
2016-02-21;11:36:09;1199;6;-16;328;304;99;71;358;-300;0;2;321;319;257;0;10;421;206
2016-02-21;11:37:09;1199;6;-16;327;303;100;71;358;-333;0;2;320;318;257;0;10;420;206
2016-02-21;11:38:09;1199;6;-16;326;302;102;72;361;-364;0;2;319;317;256;0;10;420;205
2016-02-21;11:39:09;1199;6;-15;326;301;102;72;358;-399;0;2;318;316;256;0;10;420;206
2016-02-21;11:40:09;1199;6;-15;325;300;103;73;358;-432;0;2;318;315;255;0;10;420;206
2016-02-21;11:41:09;1199;6;-15;324;299;104;73;358;-465;0;2;317;314;255;0;10;420;206
2016-02-21;11:42:09;1199;7;-15;323;298;106;75;358;-499;0;2;316;313;254;0;10;420;206
2016-02-21;11:43:09;1199;7;-15;323;297;107;75;358;-534;0;2;315;312;254;0;10;420;206
2016-02-21;11:44:09;1199;8;-15;322;296;107;75;359;-573;0;2;315;311;253;0;10;420;206
2016-02-21;11:45:09;1199;8;-15;307;279;36;63;359;-612;0;7;303;417;70;0;30;420;206
2016-02-21;11:46:09;1199;8;-15;326;278;29;9;359;-612;0;7;332;526;2;0;30;420;206
2016-02-21;11:47:09;1199;8;-15;331;281;30;-6;359;-612;0;7;334;573;36;0;30;420;206
2016-02-21;11:48:09;1199;8;-15;333;284;32;-8;359;-639;0;7;335;587;38;0;30;420;206
2016-02-21;11:49:09;1199;8;-15;338;288;33;-10;359;-666;0;7;343;599;38;0;30;420;206
2016-02-21;11:50:09;1199;8;-14;342;293;34;-8;359;-686;0;7;346;606;37;0;30;420;206
2016-02-21;11:51:09;1199;8;-14;347;297;34;-8;361;-703;0;7;351;614;40;0;30;420;205
2016-02-21;11:52:09;1199;8;-14;351;302;34;-7;359;-715;0;7;355;619;37;0;30;420;206
2016-02-21;11:53:09;1199;8;-14;355;307;32;-8;359;-722;0;7;358;627;40;0;30;419;206
2016-02-21;11:54:09;1199;8;-14;358;310;33;-6;361;-725;0;7;362;632;37;0;30;419;205
2016-02-21;11:55:09;1199;9;-14;361;314;33;-7;358;-725;0;7;364;637;40;0;30;419;206
2016-02-21;11:56:09;1199;9;-14;364;317;34;-6;358;-721;0;7;367;641;37;0;30;419;206
2016-02-21;11:57:09;1199;9;-14;368;320;34;-6;358;-714;0;7;370;645;41;0;30;419;206
2016-02-21;11:58:09;1199;9;-14;371;323;35;-5;358;-704;0;7;373;649;40;0;30;419;206
2016-02-21;11:59:09;1199;9;-14;373;325;32;-6;358;-694;0;7;375;653;40;0;30;419;206
2016-02-21;12:00:09;1199;9;-14;395;428;27;-8;361;-678;0;15;424;703;31;0;20;419;205
2016-02-21;12:01:09;1199;9;-14;472;462;24;-6;358;-678;0;15;488;760;42;0;20;419;206
2016-02-21;12:02:09;1199;9;-13;520;490;22;-5;361;-678;0;15;533;804;34;0;20;419;205
2016-02-21;12:03:09;1199;11;-13;549;509;21;-4;359;-678;0;15;557;836;40;0;20;419;206
2016-02-21;12:04:09;1199;11;-13;568;521;19;-3;359;-678;0;15;573;860;42;0;20;420;206
2016-02-21;12:05:09;1199;11;-13;579;530;19;-3;361;-678;0;15;584;877;40;0;20;421;205
2016-02-21;12:06:09;1199;11;-13;587;535;19;-2;359;-678;0;15;589;888;43;0;20;424;206
2016-02-21;12:07:09;1199;11;-13;592;539;19;-1;359;-678;0;15;595;900;43;0;20;428;206
2016-02-21;12:08:09;1199;11;-13;596;545;18;-1;359;-678;0;15;600;909;41;0;20;433;206
2016-02-21;12:09:10;1199;12;-13;600;548;18;-1;359;-678;0;15;605;920;44;0;20;437;206
2016-02-21;12:10:10;1199;13;-13;605;553;18;-1;360;-678;0;15;608;928;43;0;20;441;206
2016-02-21;12:11:10;1199;13;-13;608;557;18;0;360;-678;0;15;613;939;45;0;20;446;206
2016-02-21;12:12:10;1199;13;-13;612;562;18;0;360;-678;0;15;617;946;44;0;20;450;206
2016-02-21;12:13:10;1199;13;-12;616;565;18;0;360;-678;0;15;622;955;44;0;20;454;206
2016-02-21;12:14:10;1199;13;-12;619;570;18;1;360;-678;0;15;626;963;47;0;20;458;206
2016-02-21;12:15:10;1199;13;-12;530;303;18;-5;360;-678;0;7;464;834;44;0;30;463;206
2016-02-21;12:16:10;1199;13;-12;388;307;18;-12;361;-678;0;7;374;737;-1;0;30;467;205
2016-02-21;12:17:10;1199;13;-12;360;307;18;-16;360;-678;0;7;358;716;30;0;30;470;206
2016-02-21;12:18:10;1199;13;-12;361;307;18;-17;360;-679;0;7;361;708;26;0;30;472;206
2016-02-21;12:19:10;1199;13;-12;360;314;18;-17;360;-679;0;7;361;702;26;0;30;474;206
2016-02-21;12:20:10;1199;14;-12;367;321;18;-17;359;-678;0;7;369;707;30;0;30;476;206
2016-02-21;12:21:10;1199;14;-12;373;329;18;-17;359;-671;0;7;376;708;26;0;30;476;206
2016-02-21;12:22:10;1199;14;-12;379;331;18;-16;359;-655;0;7;381;708;27;0;30;477;206
2016-02-21;12:23:10;1199;14;-12;381;331;18;-17;359;-634;0;7;381;708;31;0;30;477;206
2016-02-21;12:24:10;1199;14;-11;381;331;17;-16;359;-612;0;7;382;705;27;0;30;477;206
2016-02-21;12:25:10;1199;14;-11;382;331;18;-15;361;-590;0;7;382;704;26;0;30;477;205
2016-02-21;12:26:10;1199;14;-11;383;333;17;-16;359;-567;0;7;383;705;32;0;30;477;206
2016-02-21;12:27:10;1199;14;-11;386;336;18;-16;359;-542;0;7;386;704;27;0;30;476;206
2016-02-21;12:28:10;1199;14;-11;387;338;14;-17;359;-515;0;7;388;704;22;0;30;476;206
2016-02-21;12:29:10;1199;14;-11;388;340;11;-19;359;-487;0;7;388;708;25;0;30;476;206
2016-02-21;12:30:10;1199;14;-11;389;341;9;-22;359;-458;0;7;390;710;22;0;30;475;206
2016-02-21;12:31:10;1199;14;-11;390;342;11;-21;359;-428;0;7;391;710;21;0;30;475;206
2016-02-21;12:32:10;1199;14;-11;392;343;11;-21;359;-396;0;7;391;713;26;0;30;475;206
2016-02-21;12:33:10;1199;14;-11;393;345;10;-21;361;-363;0;7;393;711;24;0;30;474;205
2016-02-21;12:34:10;1199;14;-11;394;346;10;-21;359;-329;0;7;394;711;19;0;30;473;206
2016-02-21;12:35:10;1199;14;-10;395;347;10;-21;359;-294;0;7;395;713;26;0;30;472;206
2016-02-21;12:36:10;1199;14;-10;396;348;9;-21;359;-258;0;7;396;714;24;0;30;472;206
2016-02-21;12:37:10;1199;14;-10;397;349;9;-22;359;-221;0;7;397;714;21;0;30;471;206
2016-02-21;12:38:10;1199;15;-10;398;350;11;-21;360;-183;0;7;397;714;24;0;30;470;206
2016-02-21;12:39:10;1199;15;-10;399;351;11;-21;360;-145;0;7;399;717;26;0;30;470;206
2016-02-21;12:40:10;1199;16;-10;399;352;9;-21;359;-106;0;7;399;716;22;0;30;469;206
2016-02-21;12:41:10;1199;16;-10;400;353;8;-21;359;-65;0;7;400;716;19;0;30;468;206
2016-02-21;12:42:10;1199;16;-10;401;353;7;-24;359;-23;0;7;400;719;22;0;30;468;206
2016-02-21;12:43:10;1199;16;-10;401;353;8;-3;359;19;0;2;405;687;38;0;10;467;206
2016-02-21;12:44:10;1199;16;-10;401;352;13;6;359;61;0;2;417;623;79;0;10;467;206
2016-02-21;12:45:10;1199;16;-9;401;352;16;11;359;103;0;2;421;564;114;0;10;466;206
2016-02-21;12:46:10;1199;16;-9;401;351;19;16;359;145;0;2;420;520;143;0;10;466;206
2016-02-21;12:47:10;1199;16;-9;400;350;22;18;359;187;0;2;414;490;163;0;10;466;206
2016-02-21;12:48:10;1199;16;-9;398;349;26;22;359;228;0;2;407;468;179;0;10;466;206
2016-02-21;12:49:10;1199;16;-9;395;347;29;27;359;266;0;2;400;452;197;0;10;466;206
2016-02-21;12:50:10;1199;16;-9;392;346;32;32;359;302;0;2;393;437;214;0;10;466;206
2016-02-21;12:51:10;1199;16;-9;389;344;35;35;359;335;0;2;386;425;229;0;10;465;206
2016-02-21;12:52:10;1199;16;-9;386;343;38;38;357;364;0;2;380;415;240;0;10;465;207
2016-02-21;12:53:10;1199;16;-9;382;342;41;41;359;390;0;2;373;406;250;0;10;465;206
2016-02-21;12:54:10;1199;16;-9;378;341;44;43;359;412;0;2;368;398;257;0;10;465;206
2016-02-21;12:55:10;1199;16;-8;374;340;46;44;359;430;0;2;364;392;262;0;10;465;206
2016-02-21;12:56:10;1199;16;-8;370;339;49;46;359;444;0;2;360;386;266;0;10;465;206
2016-02-21;12:57:10;1199;16;-8;367;338;52;47;359;457;0;2;358;381;269;0;10;465;206
2016-02-21;12:58:10;1199;16;-8;364;337;55;49;359;464;0;2;355;376;271;0;10;465;206
2016-02-21;12:59:10;1199;16;-8;361;336;57;49;359;468;0;2;353;372;273;0;10;465;206
2016-02-21;13:00:10;1199;16;-8;358;335;59;50;357;470;0;2;351;368;274;0;10;465;207
2016-02-21;13:01:10;1199;16;-8;357;334;62;52;359;471;0;2;349;365;275;0;10;465;206
2016-02-21;13:02:10;1199;16;-8;355;334;63;52;357;469;0;2;348;362;276;0;10;465;207
2016-02-21;13:03:10;1199;16;-8;353;333;66;53;357;464;0;2;347;360;276;0;10;465;207
2016-02-21;13:04:10;1199;17;-8;351;332;68;55;355;459;0;2;346;358;276;0;10;465;207
2016-02-21;13:05:10;1199;17;-8;350;331;71;55;359;451;0;2;345;356;276;0;10;465;206
2016-02-21;13:06:10;1199;18;-7;349;331;73;56;356;444;0;2;344;355;276;0;10;465;207
2016-02-21;13:07:10;1199;18;-7;347;331;75;58;360;432;0;2;343;352;275;0;10;465;206
2016-02-21;13:08:10;1199;18;-7;346;329;76;59;360;419;0;2;342;351;275;0;10;465;206
2016-02-21;13:09:10;1199;18;-7;346;328;79;59;360;409;0;2;341;349;274;0;10;465;206
2016-02-21;13:10:10;1199;18;-7;345;327;80;61;356;395;0;2;340;347;274;0;10;465;207
2016-02-21;13:11:10;1199;18;-7;344;327;82;61;360;380;0;2;339;345;273;0;10;465;206
2016-02-21;13:12:10;1199;18;-7;344;325;84;62;360;364;0;2;338;343;273;0;10;465;206
2016-02-21;13:13:10;1199;18;-7;343;325;86;63;360;351;0;2;338;342;272;0;10;465;206
2016-02-21;13:14:10;1199;18;-7;342;324;87;63;356;334;0;2;337;340;271;0;10;465;207
2016-02-21;13:15:10;1199;18;-7;342;323;88;65;360;320;0;2;336;339;271;0;10;465;206
2016-02-21;13:16:10;1199;18;-7;341;322;90;66;360;302;0;2;335;337;270;0;10;465;206
2016-02-21;13:17:10;1199;18;-6;340;321;92;66;356;283;0;2;334;335;269;0;10;465;207
2016-02-21;13:18:10;1199;18;-6;339;320;93;68;360;263;0;2;333;334;269;0;10;465;206
2016-02-21;13:19:10;1199;18;-6;339;319;95;68;360;242;0;2;332;333;268;0;10;464;206
2016-02-21;13:20:11;1199;18;-6;338;318;96;70;356;224;0;2;331;331;268;0;10;464;207
2016-02-21;13:21:11;1199;19;-6;337;317;98;71;358;204;0;2;331;331;267;0;10;464;206
2016-02-21;13:22:11;1199;19;-6;336;316;99;71;355;183;0;2;330;330;266;0;10;464;207
2016-02-21;13:23:11;1199;19;-6;335;315;100;72;358;161;0;2;329;329;265;0;10;464;206
2016-02-21;13:24:12;1199;19;-6;335;313;102;72;355;138;0;2;329;327;265;0;10;464;207
2016-02-21;13:25:12;1199;19;-6;334;313;103;73;358;114;0;2;328;326;264;0;10;464;206
2016-02-21;13:26:12;1199;19;-6;333;311;104;74;355;93;0;2;327;325;264;0;10;464;207
2016-02-21;13:27:12;1199;19;-6;332;310;105;75;358;68;0;2;326;324;263;0;10;464;206
2016-02-21;13:28:12;1199;19;-5;331;309;106;75;358;45;0;2;325;323;263;0;10;464;206
2016-02-21;13:29:12;1199;19;-5;331;308;107;76;355;18;0;2;325;322;262;0;10;464;207
2016-02-21;13:30:12;1199;19;-5;331;307;108;76;355;-9;0;2;324;321;261;0;10;464;207
2016-02-21;13:31:12;1199;19;-5;330;306;109;78;355;-37;0;2;323;320;261;0;10;464;207
2016-02-21;13:32:12;1199;19;-5;329;305;111;78;358;-62;0;2;322;319;261;0;10;463;206
2016-02-21;13:33:12;1199;19;-5;328;304;111;79;355;-88;0;2;322;318;260;0;10;463;207
2016-02-21;13:34:12;1199;19;-5;327;303;112;79;355;-118;0;2;321;317;260;0;10;463;207
2016-02-21;13:35:12;1199;19;-5;327;302;113;79;355;-149;0;2;320;316;259;0;10;463;207
2016-02-21;13:36:12;1199;19;-5;326;301;114;80;355;-177;0;2;320;316;259;0;10;463;207
2016-02-21;13:37:12;1199;20;-5;325;300;115;81;360;-209;0;2;319;315;258;0;10;463;206
2016-02-21;13:38:12;1199;21;-5;324;299;116;81;357;-241;0;2;318;314;258;0;10;463;207
2016-02-21;13:39:12;1199;21;-4;324;299;117;82;359;-274;0;2;317;313;258;0;10;463;206
2016-02-21;13:40:12;1199;21;-4;323;298;117;82;359;-307;0;2;317;313;257;0;10;463;206
2016-02-21;13:41:12;1199;21;-4;322;297;118;83;359;-341;0;2;316;312;257;0;10;462;206
2016-02-21;13:42:12;1199;21;-4;321;296;120;83;357;-376;0;2;316;311;256;0;10;462;207
2016-02-21;13:43:12;1199;21;-4;321;295;121;83;359;-413;0;2;315;310;256;0;10;462;206
2016-02-21;13:44:12;1199;21;-4;320;294;121;84;357;-449;0;2;314;310;256;0;10;462;207
2016-02-21;13:45:12;1199;21;-4;319;294;122;84;359;-486;0;2;313;309;255;0;10;462;206
2016-02-21;13:46:12;1199;21;-4;319;294;123;84;357;-526;0;2;313;309;255;0;10;462;207
2016-02-21;13:47:12;1199;21;-4;318;293;123;86;359;-566;0;2;312;308;255;0;10;462;206
2016-02-21;13:48:12;1199;21;-4;301;270;40;71;359;-607;0;7;297;418;66;0;30;462;206
2016-02-21;13:49:12;1199;21;-3;321;273;34;12;359;-607;0;7;328;522;4;0;30;461;206
2016-02-21;13:50:12;1199;21;-3;328;276;34;-5;359;-607;0;7;330;569;38;0;30;461;206
2016-02-21;13:51:12;1199;21;-3;331;279;35;-6;359;-637;0;7;332;583;40;0;30;461;206
2016-02-21;13:52:12;1199;21;-3;334;284;35;-7;359;-665;0;7;339;595;40;0;30;461;206
2016-02-21;13:53:12;1199;21;-3;338;288;36;-6;359;-689;0;7;343;601;39;0;30;461;206
2016-02-21;13:54:12;1199;21;-3;343;294;37;-6;359;-709;0;7;348;610;41;0;30;461;206
2016-02-21;13:55:12;1199;21;-3;348;298;36;-5;359;-724;0;7;352;616;38;0;30;460;206
2016-02-21;13:56:12;1199;21;-3;353;303;35;-6;359;-734;0;7;356;623;42;0;30;460;206
2016-02-21;13:57:12;1199;22;-3;357;307;35;-5;359;-737;0;7;359;627;38;0;30;460;206
2016-02-21;13:58:12;1199;22;-3;360;311;35;-5;356;-736;0;7;361;633;43;0;30;460;207
2016-02-21;13:59:12;1199;22;-3;363;314;35;-5;359;-735;0;7;365;637;38;0;30;460;206
2016-02-21;14:00:12;1199;22;-2;366;317;36;-5;359;-731;0;7;367;642;44;0;30;459;206
2016-02-21;14:01:12;1199;22;-2;369;320;37;-3;359;-721;0;7;372;646;41;0;30;459;206
2016-02-21;14:02:12;1199;22;-2;373;324;34;-3;359;-710;0;7;374;650;41;0;30;459;206
2016-02-21;14:03:12;1199;22;-2;375;325;29;-6;359;-696;0;7;377;655;35;0;30;459;206
2016-02-21;14:04:12;1199;22;-2;376;327;26;-10;359;-677;0;7;378;658;30;0;30;458;206
2016-02-21;14:05:12;1199;22;-2;378;329;24;-12;359;-659;0;7;379;663;35;0;30;458;206
2016-02-21;14:06:12;1199;22;-2;380;331;22;-13;359;-639;0;7;382;667;29;0;30;458;206
2016-02-21;14:07:12;1199;22;-2;382;332;21;-13;359;-618;0;7;383;670;30;0;30;458;206
2016-02-21;14:08:12;1199;22;-2;384;334;21;-15;359;-595;0;7;385;674;32;0;30;457;206
2016-02-21;14:09:12;1199;22;-2;386;336;20;-15;359;-570;0;7;386;675;27;0;30;457;206
2016-02-21;14:10:12;1199;22;-2;387;338;19;-15;359;-543;0;7;387;679;30;0;30;457;206
2016-02-21;14:11:12;1199;22;-1;388;339;19;-15;359;-515;0;7;388;681;30;0;30;457;206
2016-02-21;14:12:12;1199;23;-1;390;341;19;-15;360;-487;0;7;390;682;27;0;30;456;206
2016-02-21;14:13:12;1199;24;-1;391;342;19;-15;359;-457;0;7;391;687;30;0;30;456;206
2016-02-21;14:14:12;1199;24;-1;392;344;18;-15;359;-425;0;7;392;688;29;0;30;456;206
2016-02-21;14:15:12;1199;24;-1;393;345;18;-15;359;-392;0;7;393;689;28;0;30;456;206
2016-02-21;14:16:12;1199;24;-1;395;346;18;-16;359;-357;0;7;394;694;30;0;30;455;206
2016-02-21;14:17:12;1199;24;-1;396;347;16;-17;359;-321;0;7;396;694;24;0;30;455;206
2016-02-21;14:18:12;1199;24;-1;397;348;15;-17;359;-284;0;7;396;696;26;0;30;455;206
2016-02-21;14:19:12;1199;24;-1;397;350;14;-19;359;-246;0;7;397;699;27;0;30;455;206
2016-02-21;14:20:12;1199;24;-1;398;350;13;-19;359;-208;0;7;398;700;22;0;30;454;206
2016-02-21;14:21:12;1199;24;-1;399;351;13;-19;359;-169;0;7;399;704;25;0;30;454;206
2016-02-21;14:22:12;1199;25;0;400;352;13;-19;361;-129;0;7;400;705;29;0;30;454;206
2016-02-21;14:23:12;1199;26;0;401;353;13;-19;360;-90;0;7;401;705;22;0;30;453;206
2016-02-21;14:24:12;1199;26;0;402;354;11;-19;360;-50;0;7;401;708;24;0;30;453;206
2016-02-21;14:25:12;1199;26;0;402;355;12;-19;360;-9;0;7;402;711;27;0;30;453;206
2016-02-21;14:26:12;1199;26;0;403;354;13;-1;360;32;0;2;409;679;44;0;10;453;206
2016-02-21;14:27:12;1199;25;0;402;353;18;11;361;75;0;2;422;613;82;0;10;452;206
2016-02-21;14:28:12;1199;26;0;403;352;22;19;360;118;0;2;426;554;114;0;10;452;206
2016-02-21;14:29:12;1199;26;0;404;352;26;26;360;160;0;2;424;508;142;0;10;452;206
2016-02-21;14:30:12;1199;26;0;403;351;29;35;360;202;0;2;419;477;160;0;10;452;206
2016-02-21;14:31:12;1199;25;0;401;350;30;44;361;244;0;2;411;456;179;0;10;452;206
2016-02-21;14:32:12;1199;26;0;399;348;34;50;360;285;0;2;403;439;202;0;10;451;206
2016-02-21;14:33:12;1199;26;0;396;346;37;55;360;324;0;2;395;425;220;0;10;451;206
2016-02-21;14:34:12;1199;26;0;392;345;40;57;360;359;0;2;388;414;232;0;10;451;206
2016-02-21;14:35:12;1199;26;0;388;343;43;59;360;390;0;2;382;403;241;0;10;451;206
2016-02-21;14:36:12;1199;26;0;384;342;44;61;360;420;0;2;375;394;249;0;10;450;206
2016-02-21;14:37:12;1199;26;0;379;341;47;61;360;443;0;2;369;386;255;0;10;451;206
2016-02-21;14:38:12;1199;25;0;375;340;49;62;361;462;0;2;364;380;259;0;10;450;206
2016-02-21;14:39:13;1199;26;0;371;339;52;63;358;478;0;2;361;373;262;0;10;450;207
2016-02-21;14:40:13;1199;25;0;367;338;55;63;358;488;0;2;358;368;265;0;10;450;207
2016-02-21;14:41:13;1199;25;0;364;337;56;64;361;493;0;2;356;364;266;0;10;450;206
2016-02-21;14:42:13;1199;25;0;361;336;59;65;358;498;0;2;353;360;268;0;10;449;207
2016-02-21;14:43:13;1199;25;1;358;335;61;65;361;497;0;2;351;358;268;0;10;449;206
2016-02-21;14:44:13;1199;25;1;357;334;63;66;361;494;0;2;350;356;269;0;10;449;206
2016-02-21;14:45:13;1199;24;1;355;333;65;66;359;494;0;2;348;353;269;0;10;449;206
2016-02-21;14:46:13;1199;24;1;353;332;68;66;359;489;0;2;347;351;269;0;10;449;206
2016-02-21;14:47:13;1199;24;1;351;332;69;68;356;482;0;2;346;349;269;0;10;448;207
2016-02-21;14:48:13;1199;24;1;350;331;72;69;356;474;0;2;345;347;269;0;10;448;207
2016-02-21;14:49:13;1199;24;1;349;331;73;69;359;467;0;2;344;345;268;0;10;448;206
2016-02-21;14:50:13;1199;24;1;348;330;75;70;356;459;0;2;343;343;268;0;10;448;207
2016-02-21;14:51:13;1199;25;1;347;329;78;71;361;450;0;2;342;341;268;0;10;448;206
2016-02-21;14:52:13;1199;24;1;346;328;79;72;359;436;0;2;341;339;267;0;10;447;206
2016-02-21;14:53:13;1199;26;1;345;327;81;72;358;421;0;2;339;337;267;0;10;447;207
2016-02-21;14:54:13;1199;26;2;344;326;82;73;358;408;0;2;338;335;266;0;10;447;207
2016-02-21;14:55:13;1199;26;2;343;325;84;73;360;394;0;2;337;334;266;0;10;447;206
2016-02-21;14:56:13;1199;26;2;343;324;86;75;358;377;0;2;336;332;265;0;10;446;207
2016-02-21;14:57:13;1199;26;2;342;323;87;75;360;361;0;2;335;331;264;0;10;446;206
2016-02-21;14:58:13;1199;26;2;341;322;88;75;360;343;0;2;334;330;264;0;10;446;206
2016-02-21;14:59:13;1199;26;2;340;321;90;76;358;326;0;2;333;329;263;0;10;446;207
2016-02-21;15:00:13;1199;26;2;339;319;91;78;360;306;0;2;332;327;263;0;10;445;206
2016-02-21;15:01:13;1199;26;2;338;319;92;78;358;285;0;2;331;326;262;0;10;445;207
2016-02-21;15:02:13;1199;26;2;337;317;94;79;358;265;0;2;331;325;261;0;10;445;207
2016-02-21;15:03:13;1199;26;2;336;316;95;79;358;244;0;2;330;324;261;0;10;445;207
2016-02-21;15:04:13;1199;26;2;335;315;97;79;358;222;0;2;329;322;260;0;10;444;207
2016-02-21;15:05:13;1199;26;3;334;314;98;80;358;199;0;2;329;321;260;0;10;444;207
2016-02-21;15:06:13;1199;26;3;334;313;99;80;360;174;0;2;328;320;259;0;10;444;206
2016-02-21;15:07:13;1199;26;3;333;312;100;82;358;149;0;2;327;319;259;0;10;444;207
2016-02-21;15:08:13;1199;26;3;332;311;102;82;358;124;0;2;326;318;258;0;10;443;207
2016-02-21;15:09:13;1199;26;3;331;309;103;82;360;98;0;2;325;317;258;0;10;443;206
2016-02-21;15:10:13;1199;26;3;331;308;104;83;358;71;0;2;324;316;257;0;10;443;207
2016-02-21;15:11:13;1199;26;3;330;307;106;83;358;44;0;2;324;315;256;0;10;442;207
2016-02-21;15:12:13;1199;26;3;329;306;107;83;358;16;0;2;323;314;256;0;10;442;207
2016-02-21;15:13:13;1199;26;3;328;305;108;83;360;-13;0;2;322;313;256;0;10;442;206
2016-02-21;15:14:13;1199;26;3;328;304;109;84;358;-43;0;2;321;312;255;0;10;442;207
2016-02-21;15:15:13;1199;26;3;327;303;109;84;358;-74;0;2;321;311;255;0;10;441;207
2016-02-21;15:16:13;1199;26;3;326;302;111;84;358;-105;0;2;320;311;254;0;10;441;207
2016-02-21;15:17:13;1199;26;4;325;301;112;86;358;-137;0;2;319;310;254;0;10;441;207
2016-02-21;15:18:13;1199;26;4;325;300;113;86;358;-172;0;2;319;309;254;0;10;440;207
2016-02-21;15:19:13;1199;26;4;324;299;113;86;358;-206;0;2;318;308;253;0;10;440;207
2016-02-21;15:20:13;1199;26;4;323;298;115;87;360;-240;0;2;317;308;253;0;10;440;206
2016-02-21;15:21:13;1199;26;4;322;297;115;87;358;-277;0;2;317;307;252;0;10;440;207
2016-02-21;15:22:13;1199;26;4;321;296;116;87;358;-313;0;2;316;306;252;0;10;439;207
2016-02-21;15:23:13;1199;26;4;321;296;117;87;358;-350;0;2;315;305;252;0;10;439;207
2016-02-21;15:24:13;1199;26;4;320;295;118;88;358;-387;0;2;314;305;251;0;10;439;207
2016-02-21;15:25:13;1199;26;4;319;294;118;88;358;-425;0;2;314;304;251;0;10;439;207
2016-02-21;15:26:13;1199;27;4;319;294;120;89;356;-464;0;2;313;304;251;0;10;439;207
2016-02-21;15:27:13;1199;26;4;318;293;121;90;358;-503;0;2;312;303;250;0;10;438;207
2016-02-21;15:28:13;1199;26;4;317;292;121;90;358;-543;0;2;312;302;250;0;10;438;207
2016-02-21;15:29:13;1199;27;5;317;292;122;90;360;-582;0;2;311;302;250;0;10;438;206
2016-02-21;15:30:13;1199;26;5;302;270;38;73;358;-623;0;7;299;414;55;0;30;437;207
2016-02-21;15:31:13;1199;26;5;321;273;32;12;358;-623;0;7;328;518;4;0;30;437;207
2016-02-21;15:32:13;1199;26;5;328;277;33;-5;358;-623;0;7;331;565;38;0;30;437;207
2016-02-21;15:33:13;1199;27;5;331;280;35;-6;356;-652;0;7;333;579;40;0;30;437;207
2016-02-21;15:34:13;1199;26;5;334;284;37;-6;358;-677;0;7;340;592;41;0;30;437;207
2016-02-21;15:35:13;1199;26;5;338;289;37;-6;358;-700;0;7;343;598;41;0;30;437;207
2016-02-21;15:36:13;1199;26;5;343;294;38;-6;358;-719;0;7;348;607;43;0;30;436;207
2016-02-21;15:37:13;1199;26;5;349;299;38;-5;358;-733;0;7;353;613;42;0;30;436;207
2016-02-21;15:38:13;1199;26;5;354;304;37;-5;360;-741;0;7;357;621;43;0;30;436;206
2016-02-21;15:39:13;1199;26;5;358;308;37;-5;360;-745;0;7;360;626;40;0;30;436;206
2016-02-21;15:40:13;1199;26;5;360;312;36;-5;358;-745;0;7;362;631;43;0;30;436;207
2016-02-21;15:41:13;1199;26;5;363;315;35;-5;358;-744;0;7;366;636;38;0;30;436;207
2016-02-21;15:42:13;1199;26;6;366;318;35;-5;358;-738;0;7;367;641;43;0;30;435;207
2016-02-21;15:43:13;1199;26;6;369;321;37;-5;360;-729;0;7;372;645;41;0;30;435;206
2016-02-21;15:44:13;1199;26;6;372;324;34;-5;358;-719;0;7;373;649;41;0;30;435;207
2016-02-21;15:45:13;1199;26;6;375;325;29;-6;358;-705;0;7;378;655;35;0;30;435;207
2016-02-21;15:46:13;1199;26;6;377;327;26;-10;358;-688;0;7;378;658;32;0;30;435;207
2016-02-21;15:47:13;1199;26;6;378;329;24;-12;358;-669;0;7;379;663;34;0;30;435;207
2016-02-21;15:48:13;1199;26;6;380;331;22;-13;358;-649;0;7;383;666;29;0;30;435;207
2016-02-21;15:49:13;1199;26;6;383;333;22;-13;358;-626;0;7;383;670;32;0;30;434;207
2016-02-21;15:50:13;1199;26;6;385;335;21;-15;358;-601;0;7;386;673;30;0;30;434;207
2016-02-21;15:51:13;1199;26;6;386;337;21;-15;358;-574;0;7;387;674;28;0;30;434;207
2016-02-21;15:52:13;1199;26;6;387;339;21;-14;358;-546;0;7;388;680;32;0;30;434;207
2016-02-21;15:53:13;1199;26;6;389;340;19;-15;360;-517;0;7;389;681;28;0;30;434;206
2016-02-21;15:54:14;1199;26;6;390;342;19;-15;358;-488;0;7;390;684;30;0;30;434;207
2016-02-21;15:55:14;1199;26;7;392;343;19;-15;358;-456;0;7;392;685;29;0;30;433;207
2016-02-21;15:56:14;1199;26;7;393;344;19;-15;358;-424;0;7;393;689;29;0;30;433;207
2016-02-21;15:57:14;1199;26;7;394;346;19;-15;358;-389;0;7;394;691;30;0;30;433;207
2016-02-21;15:58:14;1199;26;7;395;347;18;-15;358;-355;0;7;396;691;26;0;30;433;207
2016-02-21;15:59:14;1199;26;7;396;348;16;-16;358;-317;0;7;396;695;27;0;30;433;207
2016-02-21;16:00:14;1199;26;7;397;350;15;-17;358;-279;0;7;397;698;28;0;30;433;207
2016-02-21;16:01:14;1199;26;7;398;350;14;-17;358;-240;0;7;398;698;23;0;30;433;207
2016-02-21;16:02:14;1199;26;7;399;351;14;-18;360;-200;0;7;399;702;27;0;30;433;206
2016-02-21;16:03:14;1199;26;7;400;352;13;-19;358;-161;0;7;400;704;27;0;30;433;207
2016-02-21;16:04:14;1199;26;7;401;353;13;-19;360;-119;0;7;401;705;22;0;30;433;206
2016-02-21;16:05:14;1199;26;7;401;354;13;-19;358;-78;0;7;401;707;26;0;30;432;207
2016-02-21;16:06:14;1199;25;7;402;355;13;-19;358;-34;0;7;402;710;28;0;30;432;207
2016-02-21;16:07:14;1199;25;7;402;354;13;-1;358;7;0;2;408;677;46;0;10;432;207
2016-02-21;16:08:14;1199;25;7;402;353;18;11;361;51;0;2;420;612;82;0;10;432;206
2016-02-21;16:09:14;1199;24;8;403;352;22;19;356;95;0;2;424;552;115;0;10;432;207
2016-02-21;16:10:14;1199;24;8;402;351;26;26;359;139;0;2;421;507;142;0;10;432;206
2016-02-21;16:11:14;1199;24;8;401;351;29;35;356;185;0;2;416;477;163;0;10;432;207
2016-02-21;16:12:14;1199;24;8;400;350;30;44;356;230;0;2;409;456;187;0;10;431;207
2016-02-21;16:13:14;1199;24;8;397;348;34;49;356;273;0;2;401;439;209;0;10;431;207
2016-02-21;16:14:14;1199;24;8;394;346;37;53;359;314;0;2;394;424;224;0;10;431;206
2016-02-21;16:15:14;1199;24;8;390;344;40;56;359;351;0;2;386;412;235;0;10;431;206
2016-02-21;16:16:14;1199;24;8;386;343;43;58;359;384;0;2;380;401;244;0;10;431;206
2016-02-21;16:17:14;1199;24;8;382;342;44;59;356;414;0;2;374;392;251;0;10;431;207
2016-02-21;16:18:14;1199;24;8;378;341;47;60;356;440;0;2;368;385;256;0;10;431;207
2016-02-21;16:19:14;1199;24;8;374;339;49;61;356;461;0;2;363;378;260;0;10;431;207
2016-02-21;16:20:14;1199;24;8;370;338;52;62;356;478;0;2;359;372;262;0;10;430;207
2016-02-21;16:21:14;1199;24;8;366;337;55;62;356;491;0;2;357;367;265;0;10;430;207
2016-02-21;16:22:14;1199;24;8;363;336;56;63;356;500;0;2;355;363;266;0;10;430;207
2016-02-21;16:23:14;1199;24;8;360;335;59;63;356;506;0;2;352;359;267;0;10;430;207
2016-02-21;16:24:14;1199;24;8;358;334;61;63;356;509;0;2;351;357;268;0;10;430;207
2016-02-21;16:25:14;1199;24;8;356;333;63;65;356;511;0;2;349;355;269;0;10;430;207
2016-02-21;16:26:14;1199;24;9;354;333;65;65;356;507;0;2;347;352;268;0;10;430;207
2016-02-21;16:27:14;1199;24;9;352;332;68;66;356;504;0;2;346;350;269;0;10;429;207
2016-02-21;16:28:14;1199;24;9;350;331;69;66;356;496;0;2;345;348;269;0;10;429;207
2016-02-21;16:29:14;1199;24;9;349;331;72;68;356;490;0;2;344;346;268;0;10;429;207
2016-02-21;16:30:14;1199;24;9;347;330;73;68;356;479;0;2;344;344;268;0;10;429;207
2016-02-21;16:31:14;1199;24;9;346;329;75;69;356;470;0;2;342;342;268;0;10;429;207
2016-02-21;16:32:14;1199;24;9;346;328;77;69;356;460;0;2;341;340;268;0;10;429;207
2016-02-21;16:33:14;1199;24;9;345;327;79;71;356;450;0;2;340;338;267;0;10;429;207
2016-02-21;16:34:14;1199;24;9;344;326;80;71;356;439;0;2;339;336;266;0;10;428;207
2016-02-21;16:35:14;1199;24;9;343;325;82;72;356;427;0;2;338;335;266;0;10;428;207
2016-02-21;16:36:14;1199;23;9;342;324;84;73;360;414;0;2;337;333;265;0;10;428;206
2016-02-21;16:37:14;1199;23;9;342;323;86;73;357;400;0;2;336;332;265;0;10;428;207
2016-02-21;16:38:15;1199;23;9;341;322;87;73;357;385;0;2;335;331;264;0;10;428;207
2016-02-21;16:39:15;1199;22;9;340;321;88;75;356;369;0;2;334;330;263;0;10;428;207
2016-02-21;16:40:15;1199;22;9;339;320;90;75;359;352;0;2;333;328;263;0;10;427;206
2016-02-21;16:41:15;1199;23;9;339;319;91;76;357;334;0;2;332;327;262;0;10;427;207
2016-02-21;16:42:15;1199;22;9;337;317;93;76;356;315;0;2;331;326;262;0;10;427;207
2016-02-21;16:43:15;1199;22;9;337;316;95;78;356;296;0;2;331;324;261;0;10;427;207
2016-02-21;16:44:15;1199;22;10;336;315;96;78;356;275;0;2;330;323;260;0;10;427;207
2016-02-21;16:45:15;1199;22;10;335;314;97;78;356;254;0;2;329;322;260;0;10;427;207
2016-02-21;16:46:15;1199;23;10;334;313;98;79;357;232;0;2;328;321;259;0;10;427;207
2016-02-21;16:47:15;1199;23;10;333;312;100;79;360;210;0;2;327;320;258;0;10;427;206
2016-02-21;16:48:15;1199;24;10;332;311;101;80;356;186;0;2;326;319;258;0;10;426;207
2016-02-21;16:49:15;1199;24;10;331;309;102;80;356;162;0;2;326;318;257;0;10;426;207
2016-02-21;16:50:15;1199;24;10;331;308;103;81;359;137;0;2;325;316;257;0;10;426;206
2016-02-21;16:51:15;1199;24;10;330;307;104;82;356;112;0;2;324;316;256;0;10;426;207
2016-02-21;16:52:15;1199;24;10;329;306;106;82;356;86;0;2;323;315;256;0;10;426;207
2016-02-21;16:53:15;1199;24;10;328;305;107;82;356;59;0;2;322;314;255;0;10;425;207
2016-02-21;16:54:15;1199;24;10;328;304;108;83;356;31;0;2;322;313;255;0;10;425;207
2016-02-21;16:55:15;1199;24;10;327;303;108;83;356;2;0;2;321;312;254;0;10;425;207
2016-02-21;16:56:15;1199;24;10;326;302;110;83;356;-27;0;2;320;311;254;0;10;425;207
2016-02-21;16:57:15;1199;24;10;325;301;111;84;356;-57;0;2;319;310;254;0;10;425;207
2016-02-21;16:58:15;1199;24;10;324;300;112;84;356;-88;0;2;319;310;253;0;10;425;207
2016-02-21;16:59:15;1199;24;10;324;299;113;84;356;-120;0;2;318;309;253;0;10;424;207
2016-02-21;17:00:15;1199;24;10;323;298;114;86;356;-153;0;2;317;308;253;0;10;424;207
2016-02-21;17:01:15;1199;24;10;322;297;115;86;356;-186;0;2;316;307;252;0;10;424;207
2016-02-21;17:02:15;1199;24;10;321;296;116;86;356;-220;0;2;316;307;252;0;10;424;207
2016-02-21;17:03:15;1199;24;10;320;295;116;86;356;-255;0;2;315;306;252;0;10;424;207
2016-02-21;17:04:15;1199;24;11;320;295;117;87;356;-291;0;2;314;305;251;0;10;423;207
2016-02-21;17:05:15;1199;24;11;319;294;118;87;356;-327;0;2;314;304;251;0;10;423;207
2016-02-21;17:06:15;1199;24;11;318;294;120;87;356;-364;0;2;313;304;250;0;10;423;207
2016-02-21;17:07:15;1199;24;11;317;293;121;88;356;-402;0;2;312;303;250;0;10;423;207
2016-02-21;17:08:15;1199;24;11;317;292;121;88;356;-441;0;2;311;302;250;0;10;423;207
2016-02-21;17:09:16;1199;24;11;316;291;122;88;356;-480;0;2;311;302;249;0;10;423;207
2016-02-21;17:10:16;1199;24;11;316;290;122;88;359;-520;0;2;310;301;249;0;10;422;206
2016-02-21;17:11:16;1199;24;11;315;290;123;90;359;-561;0;2;309;301;249;0;10;422;206
2016-02-21;17:12:16;1199;23;11;299;270;38;72;357;-602;0;7;295;411;59;0;30;422;207
2016-02-21;17:13:16;1199;23;11;320;273;34;12;360;-602;0;7;327;518;4;0;30;422;206
2016-02-21;17:14:16;1199;22;11;327;276;34;-5;356;-602;0;7;331;565;39;0;30;421;207
2016-02-21;17:15:16;1199;22;11;330;280;35;-6;356;-630;0;7;332;580;41;0;30;421;207
2016-02-21;17:16:16;1199;22;11;334;284;37;-6;356;-658;0;7;339;592;41;0;30;421;207
2016-02-21;17:17:16;1199;22;11;338;288;37;-5;356;-679;0;7;343;599;41;0;30;421;207
2016-02-21;17:18:16;1199;22;11;343;294;38;-5;356;-699;0;7;348;607;43;0;30;421;207
2016-02-21;17:19:16;1199;22;11;348;298;38;-5;356;-711;0;7;352;613;43;0;30;421;207
2016-02-21;17:20:16;1199;22;11;353;303;38;-4;359;-718;0;7;357;620;42;0;30;420;206
2016-02-21;17:21:16;1199;21;11;357;308;37;-4;359;-721;0;7;359;626;41;0;30;420;206
2016-02-21;17:22:16;1199;21;11;359;309;37;-5;359;-723;0;7;361;631;43;0;30;420;206
2016-02-21;17:23:16;1199;21;11;359;308;36;-5;357;-722;0;7;361;632;38;0;30;420;207
2016-02-21;17:24:16;1199;21;11;358;308;36;-5;359;-722;0;7;359;633;44;0;30;420;206
2016-02-21;17:25:16;1199;21;11;359;309;37;-5;359;-723;0;7;361;634;40;0;30;420;206
2016-02-21;17:26:16;1199;21;11;360;311;35;-5;359;-723;0;7;361;637;41;0;30;420;206
2016-02-21;17:27:16;1199;21;12;362;315;29;-8;359;-722;0;7;365;643;35;0;30;420;206
2016-02-21;17:28:16;1199;20;12;366;319;27;-10;360;-718;0;7;368;649;32;0;30;420;206
2016-02-21;17:29:16;1199;19;12;369;322;24;-12;358;-712;0;7;371;655;35;0;30;420;206
2016-02-21;17:30:16;1199;19;12;371;323;23;-13;358;-701;0;7;374;656;29;0;30;420;206
2016-02-21;17:31:16;1199;19;12;404;421;22;-12;358;-701;0;15;437;716;29;0;20;419;206
2016-02-21;17:32:16;1199;19;12;474;464;22;-8;358;-701;0;15;492;767;40;0;20;420;206
2016-02-21;17:33:16;1199;19;12;521;491;21;-6;358;-701;0;15;533;807;37;0;20;419;206
2016-02-21;17:34:16;1199;19;12;550;509;21;-4;358;-701;0;15;558;838;38;0;20;419;206
2016-02-21;17:35:16;1199;19;12;568;521;21;-3;358;-701;0;15;572;860;43;0;20;420;206
2016-02-21;17:36:16;1199;19;12;579;529;21;-2;358;-701;0;15;583;876;41;0;20;422;206
2016-02-21;17:37:16;1199;19;12;586;534;19;-1;358;-701;0;15;589;888;41;0;20;425;206
2016-02-21;17:38:16;1199;18;12;592;539;19;-1;362;-701;0;15;594;899;44;0;20;429;205
2016-02-21;17:39:16;1199;18;12;596;544;19;-1;360;-701;0;15;600;909;41;0;20;433;206
2016-02-21;17:40:16;1199;18;12;600;548;19;-1;360;-701;0;15;602;919;46;0;20;437;206
2016-02-21;17:41:16;1199;18;12;603;553;18;-1;360;-701;0;15;608;928;40;0;20;441;206
2016-02-21;17:42:16;1199;18;12;607;557;16;-1;360;-701;0;15;613;939;41;0;20;445;206
2016-02-21;17:43:16;1199;18;12;611;560;16;-1;360;-701;0;15;616;946;44;0;20;449;206
2016-02-21;17:44:16;1199;18;12;614;565;16;-1;362;-701;0;15;619;953;46;0;20;453;205
2016-02-21;17:45:16;1199;18;12;618;568;16;-1;360;-701;0;15;623;963;47;0;20;457;206
2016-02-21;17:46:16;1199;18;12;599;323;17;-2;362;-701;0;7;557;903;43;0;30;462;205
2016-02-21;17:47:16;1199;18;12;396;314;18;-12;360;-701;0;7;372;750;19;0;30;466;206
2016-02-21;17:48:16;1199;17;12;361;298;18;-16;362;-701;0;7;356;716;28;0;30;469;205
2016-02-21;17:49:16;1199;17;12;356;303;18;-17;362;-701;0;7;358;704;22;0;30;472;205
2016-02-21;17:50:16;1199;16;12;355;304;18;-17;362;-704;0;7;355;699;30;0;30;474;205
2016-02-21;17:51:16;1199;16;12;358;313;18;-17;359;-708;0;7;360;698;27;0;30;475;206
2016-02-21;17:52:16;1199;16;12;366;323;18;-17;359;-708;0;7;370;701;24;0;30;476;206
2016-02-21;17:53:16;1199;16;12;373;327;18;-16;359;-700;0;7;374;707;31;0;30;477;206
2016-02-21;17:54:16;1199;16;12;376;328;18;-16;359;-688;0;7;377;705;29;0;30;477;206
2016-02-21;17:55:16;1199;16;12;377;328;18;-15;359;-671;0;7;378;702;26;0;30;477;206
2016-02-21;17:56:16;1199;16;12;378;328;18;-16;359;-655;0;7;378;702;30;0;30;477;206
2016-02-21;17:57:16;1199;16;12;379;329;17;-17;359;-639;0;7;379;699;28;0;30;477;206
2016-02-21;17:58:16;1199;16;12;381;331;18;-16;359;-622;0;7;382;699;26;0;30;477;206
2016-02-21;17:59:16;1199;16;12;383;334;14;-17;359;-600;0;7;384;702;28;0;30;476;206
2016-02-21;18:00:16;1199;16;12;386;336;11;-19;359;-578;0;7;386;705;26;0;30;476;206
2016-02-21;18:01:16;1199;16;12;386;338;11;-20;362;-551;0;7;387;705;21;0;30;475;205
2016-02-21;18:02:16;1199;16;12;388;340;11;-20;359;-526;0;7;388;707;24;0;30;475;206
2016-02-21;18:03:16;1199;16;12;389;341;9;-22;359;-500;0;7;389;710;26;0;30;474;206
2016-02-21;18:04:16;1199;15;12;391;343;11;-21;363;-471;0;7;391;708;21;0;30;474;205
2016-02-21;18:05:16;1199;14;12;392;344;9;-21;359;-443;0;7;392;708;21;0;30;473;206
2016-02-21;18:06:16;1199;14;12;393;346;10;-21;359;-412;0;7;393;713;26;0;30;473;206
2016-02-21;18:07:16;1199;14;12;395;347;11;-21;361;-380;0;7;395;711;22;0;30;472;205
2016-02-21;18:08:16;1199;14;12;396;348;11;-21;361;-344;0;7;396;711;22;0;30;471;205
2016-02-21;18:09:16;1199;14;12;397;349;9;-21;359;-307;0;7;397;714;26;0;30;470;206
2016-02-21;18:10:16;1199;14;12;398;350;9;-22;361;-271;0;7;398;716;24;0;30;470;205
2016-02-21;18:11:16;1199;14;12;399;351;10;-21;359;-234;0;7;399;714;20;0;30;469;206
2016-02-21;18:12:16;1199;14;12;400;352;9;-21;359;-194;0;7;399;716;26;0;30;468;206
2016-02-21;18:13:16;1199;14;12;401;353;9;-21;361;-155;0;7;400;718;24;0;30;467;205
2016-02-21;18:14:16;1199;14;12;401;354;6;-23;359;-114;0;7;401;717;18;0;30;467;206
2016-02-21;18:15:16;1199;14;12;402;355;6;-23;361;-74;0;7;402;719;21;0;30;466;205
2016-02-21;18:16:16;1199;14;12;402;356;6;-23;359;-33;0;7;402;722;24;0;30;466;206
2016-02-21;18:17:16;1199;14;12;403;355;8;-6;361;9;0;2;408;688;40;0;10;466;205
2016-02-21;18:18:16;1199;14;12;403;354;13;6;361;51;0;2;421;623;79;0;10;465;205
2016-02-21;18:19:16;1199;13;12;403;354;16;13;361;94;0;2;426;564;114;0;10;465;205
2016-02-21;18:20:16;1199;13;12;403;353;19;16;361;136;0;2;423;520;143;0;10;465;205
2016-02-21;18:21:16;1199;13;12;403;352;21;19;361;179;0;2;418;490;165;0;10;465;205
2016-02-21;18:22:16;1199;13;12;401;351;25;22;360;221;0;2;411;469;186;0;10;465;206
2016-02-21;18:23:16;1199;13;12;399;349;28;27;361;261;0;2;403;452;202;0;10;465;205
2016-02-21;18:24:17;1199;13;12;396;348;31;32;360;298;0;2;396;437;215;0;10;465;206
2016-02-21;18:25:17;1199;13;12;392;346;35;35;361;333;0;2;388;424;229;0;10;465;205
2016-02-21;18:26:17;1199;13;12;388;345;37;38;360;363;0;2;382;415;240;0;10;465;206
2016-02-21;18:27:17;1199;13;12;385;344;40;40;360;390;0;2;376;406;250;0;10;465;206
2016-02-21;18:28:17;1199;13;12;380;343;43;41;360;413;0;2;370;398;256;0;10;465;206
2016-02-21;18:29:17;1199;13;12;376;342;46;43;361;432;0;2;365;391;262;0;10;465;205
2016-02-21;18:30:17;1199;13;12;372;341;49;44;361;447;0;2;361;386;266;0;10;465;205
2016-02-21;18:31:17;1199;13;12;368;340;52;46;361;458;0;2;358;381;269;0;10;465;205
2016-02-21;18:32:17;1199;13;12;365;339;54;47;360;466;0;2;357;376;271;0;10;465;206
2016-02-21;18:33:17;1199;13;12;362;338;56;47;360;470;0;2;354;371;273;0;10;465;206
2016-02-21;18:34:17;1199;13;12;359;337;59;49;360;470;0;2;353;368;274;0;10;465;206
2016-02-21;18:35:17;1199;13;12;358;336;61;50;360;468;0;2;351;365;275;0;10;465;206
2016-02-21;18:36:17;1199;13;12;355;336;63;50;360;465;0;2;350;362;276;0;10;465;206
2016-02-21;18:37:17;1199;13;12;353;335;66;52;361;460;0;2;348;360;276;0;10;464;205
2016-02-21;18:38:17;1199;13;12;351;334;68;53;360;453;0;2;347;358;276;0;10;465;206
2016-02-21;18:39:17;1199;12;12;350;333;71;53;359;443;0;2;346;357;276;0;10;465;206
2016-02-21;18:40:17;1199;12;12;349;332;72;55;361;432;0;2;345;355;276;0;10;464;205
2016-02-21;18:41:17;1199;11;12;348;331;75;56;361;420;0;2;344;353;275;0;10;464;205
2016-02-21;18:42:17;1199;11;12;348;331;77;56;361;407;0;2;343;351;275;0;10;464;205
2016-02-21;18:43:17;1199;11;12;347;330;79;58;361;393;0;2;342;349;275;0;10;464;205
2016-02-21;18:44:17;1199;11;12;346;330;80;58;361;379;0;2;341;347;274;0;10;464;205
2016-02-21;18:45:17;1199;11;12;345;329;82;59;361;364;0;2;340;345;274;0;10;464;205
2016-02-21;18:46:17;1199;11;12;344;328;84;61;361;348;0;2;339;344;273;0;10;464;205
2016-02-21;18:47:17;1199;11;12;343;327;86;61;361;331;0;2;337;342;272;0;10;464;205
2016-02-21;18:48:17;1199;11;12;343;326;87;62;361;313;0;2;336;340;272;0;10;464;205
2016-02-21;18:49:17;1199;11;12;341;325;89;63;361;294;0;2;335;339;271;0;10;464;205
2016-02-21;18:50:17;1199;11;12;340;324;90;64;361;274;0;2;334;337;270;0;10;464;205
2016-02-21;18:51:17;1199;11;12;339;322;92;65;361;253;0;2;333;336;270;0;10;464;205
2016-02-21;18:52:17;1199;11;12;338;321;94;66;361;231;0;2;332;335;269;0;10;464;205
2016-02-21;18:53:17;1199;11;12;337;320;95;66;361;208;0;2;331;333;268;0;10;464;205
2016-02-21;18:54:17;1199;11;12;336;319;96;68;361;184;0;2;331;332;268;0;10;464;205
2016-02-21;18:55:17;1199;11;12;335;317;98;68;364;159;0;2;329;331;267;0;10;463;204
2016-02-21;18:56:17;1199;11;12;334;315;99;69;361;133;0;2;329;330;266;0;10;463;205
2016-02-21;18:57:17;1199;11;12;333;314;100;70;361;106;0;2;328;329;265;0;10;463;205
2016-02-21;18:58:17;1199;11;12;331;312;102;71;361;77;0;2;327;328;265;0;10;463;205
2016-02-21;18:59:17;1199;10;12;331;310;103;71;362;47;0;2;326;327;264;0;10;463;205
2016-02-21;19:00:17;1199;10;12;331;308;104;72;362;17;0;2;325;325;264;0;10;463;205
2016-02-21;19:01:17;1199;10;12;330;306;106;73;362;-14;0;2;324;324;263;0;10;463;205
2016-02-21;19:02:17;1199;10;12;329;304;107;73;362;-46;0;2;323;323;263;0;10;463;205
2016-02-21;19:03:17;1199;9;12;328;302;108;75;361;-79;0;2;323;322;262;0;10;463;205
2016-02-21;19:04:17;1199;9;12;327;300;108;75;361;-112;0;2;322;321;262;0;10;462;205
2016-02-21;19:05:17;1199;9;12;327;298;109;76;361;-146;0;2;321;320;261;0;10;462;205
2016-02-21;19:06:17;1199;9;12;326;297;111;76;361;-181;0;2;320;319;260;0;10;462;205
2016-02-21;19:07:17;1199;9;12;325;295;112;77;361;-216;0;2;319;319;260;0;10;462;205
2016-02-21;19:08:17;1199;9;12;324;294;112;78;361;-252;0;2;319;318;259;0;10;462;205
2016-02-21;19:09:17;1199;9;12;323;293;113;78;361;-289;0;2;318;317;259;0;10;462;205
2016-02-21;19:10:17;1199;9;12;322;292;115;79;361;-327;0;2;317;316;258;0;10;462;205
2016-02-21;19:11:17;1199;9;12;322;290;116;79;361;-366;0;2;315;315;258;0;10;462;205
2016-02-21;19:12:17;1199;9;12;321;289;116;80;358;-406;0;2;314;314;258;0;10;461;206
2016-02-21;19:13:17;1199;9;12;320;288;117;80;358;-447;0;2;313;313;257;0;10;461;206
2016-02-21;19:14:17;1199;9;12;319;287;118;81;361;-489;0;2;312;313;257;0;10;461;205
2016-02-21;19:15:17;1199;9;12;318;286;118;81;358;-528;0;2;311;312;256;0;10;461;206
2016-02-21;19:16:17;1199;9;12;317;285;120;82;358;-569;0;2;309;311;256;0;10;461;206
2016-02-21;19:17:17;1199;9;12;300;266;38;66;358;-614;0;7;297;429;52;0;30;461;206
2016-02-21;19:18:17;1199;9;12;315;265;32;10;358;-614;0;7;320;518;2;0;30;460;206
2016-02-21;19:19:17;1199;9;12;319;267;33;-5;361;-614;0;7;321;563;38;0;30;460;205
2016-02-21;19:20:17;1199;9;12;320;267;34;-8;358;-656;0;7;322;574;39;0;30;460;206
2016-02-21;19:21:17;1199;9;12;322;272;35;-8;358;-694;0;7;327;584;39;0;30;459;206
2016-02-21;19:22:17;1199;9;12;328;281;35;-8;358;-729;0;7;333;593;37;0;30;458;206
2016-02-21;19:23:17;1199;9;12;335;287;35;-8;358;-757;0;7;340;603;41;0;30;458;206
2016-02-21;19:24:17;1199;9;12;341;293;35;-6;358;-779;0;7;346;609;37;0;30;457;206
2016-02-21;19:25:17;1199;9;12;346;295;35;-6;358;-795;0;7;349;616;41;0;30;456;206
2016-02-21;19:26:17;1199;9;12;349;299;34;-6;358;-807;0;7;352;619;38;0;30;455;206
2016-02-21;19:27:17;1199;9;12;352;302;35;-5;358;-815;0;7;354;624;41;0;30;455;206
2016-02-21;19:28:17;1199;8;12;355;305;35;-6;359;-820;0;7;358;629;38;0;30;453;206
2016-02-21;19:29:17;1199;8;12;358;309;35;-5;359;-822;0;7;359;633;43;0;30;453;206
2016-02-21;19:30:17;1199;9;12;361;312;37;-5;358;-823;0;7;363;638;41;0;30;452;206
2016-02-21;19:31:17;1199;8;12;363;316;34;-5;359;-821;0;7;365;642;40;0;30;451;206
2016-02-21;19:32:17;1199;9;12;366;319;29;-8;358;-815;0;7;368;647;37;0;30;451;206
2016-02-21;19:33:17;1199;9;12;368;321;25;-12;358;-808;0;7;370;651;30;0;30;450;206
2016-02-21;19:34:17;1199;8;12;370;323;22;-13;359;-799;0;7;371;656;32;0;30;449;206
2016-02-21;19:35:17;1199;9;12;371;324;21;-15;358;-788;0;7;373;659;29;0;30;449;206
2016-02-21;19:36:17;1199;8;12;374;326;21;-15;359;-775;0;7;375;662;28;0;30;449;206
2016-02-21;19:37:17;1199;8;12;376;328;20;-15;359;-759;0;7;376;666;30;0;30;448;206
2016-02-21;19:38:17;1199;8;12;378;330;19;-16;359;-742;0;7;379;667;27;0;30;448;206
2016-02-21;19:39:17;1199;8;12;379;331;19;-16;359;-723;0;7;380;671;30;0;30;448;206
2016-02-21;19:40:18;1199;8;12;381;333;19;-16;359;-702;0;7;382;673;28;0;30;447;206
2016-02-21;19:41:18;1199;8;12;383;334;19;-16;359;-679;0;7;383;675;27;0;30;447;206
2016-02-21;19:42:18;1199;8;12;385;336;19;-17;359;-655;0;7;385;680;29;0;30;447;206
2016-02-21;19:43:18;1199;8;12;386;338;18;-16;359;-629;0;7;386;680;26;0;30;446;206
2016-02-21;19:44:18;1199;8;12;387;339;18;-16;359;-602;0;7;386;684;29;0;30;445;206
2016-02-21;19:45:18;1199;8;12;388;340;16;-17;359;-574;0;7;388;685;26;0;30;445;206
2016-02-21;19:46:18;1199;8;12;389;342;15;-17;359;-545;0;7;389;688;24;0;30;444;206
2016-02-21;19:47:18;1199;8;12;390;343;14;-19;359;-515;0;7;390;692;28;0;30;444;206
2016-02-21;19:48:18;1199;8;12;391;344;13;-19;356;-484;0;7;391;692;23;0;30;443;207
2016-02-21;19:49:18;1199;8;12;392;346;13;-19;359;-452;0;7;392;694;22;0;30;443;206
2016-02-21;19:50:18;1199;8;12;393;347;12;-19;356;-416;0;7;393;698;27;0;30;442;207
2016-02-21;19:51:18;1199;8;12;395;348;13;-20;359;-382;0;7;394;698;22;0;30;441;206
2016-02-21;19:52:18;1199;8;12;395;349;12;-19;359;-347;0;7;395;699;24;0;30;441;206
2016-02-21;19:53:18;1199;8;12;396;350;11;-21;359;-311;0;7;396;702;26;0;30;440;206
2016-02-21;19:54:18;1199;8;12;397;350;11;-21;359;-274;0;7;397;703;24;0;30;440;206
2016-02-21;19:55:19;1199;8;12;398;351;11;-20;356;-236;0;7;398;704;21;0;30;439;207
2016-02-21;19:56:19;1199;8;12;398;352;9;-21;359;-197;0;7;398;707;26;0;30;439;206
2016-02-21;19:57:19;1199;8;12;399;353;10;-21;359;-158;0;7;399;709;26;0;30;438;206
2016-02-21;19:58:19;1199;8;12;400;354;9;-21;359;-115;0;7;400;708;19;0;30;437;206
2016-02-21;19:59:19;1199;8;12;400;354;9;-21;356;-74;0;7;400;711;24;0;30;436;207
2016-02-21;20:00:19;1199;8;12;401;355;8;-22;356;-29;0;7;401;713;24;0;30;434;207
2016-02-21;20:01:19;1199;8;12;401;354;9;-1;359;16;0;2;407;679;43;0;10;432;206
2016-02-21;20:02:19;1199;8;12;401;353;13;6;359;61;0;2;419;613;79;0;10;429;206
2016-02-21;20:03:19;1199;8;12;402;353;16;13;359;106;0;2;422;554;112;0;10;425;206
2016-02-21;20:04:19;1199;8;12;401;352;19;16;359;148;0;2;420;508;140;0;10;421;206
2016-02-21;20:05:19;1199;8;12;398;352;22;19;359;190;0;8;399;479;159;0;20;418;206
2016-02-21;20:06:19;1199;8;12;375;437;11;24;359;190;0;15;388;557;28;0;20;413;206
2016-02-21;20:07:19;1199;7;12;453;448;13;0;355;190;0;15;471;672;-5;0;20;409;207
2016-02-21;20:08:19;1199;7;12;502;475;12;-10;355;190;0;15;518;748;13;0;20;407;207
2016-02-21;20:09:19;1199;7;11;535;498;11;-12;355;190;0;15;544;797;33;0;20;407;207
2016-02-21;20:10:19;1199;7;11;556;513;11;-11;358;190;0;15;563;827;35;0;20;408;206
2016-02-21;20:11:19;1199;7;11;570;523;11;-10;355;190;0;15;576;849;34;0;20;412;207
2016-02-21;20:12:19;1199;7;11;580;532;14;-8;358;190;0;15;583;866;38;0;20;418;206
2016-02-21;20:13:19;1199;7;11;588;538;14;-5;358;190;0;15;590;881;41;0;20;424;206
2016-02-21;20:14:19;1199;7;11;593;544;13;-5;358;190;0;15;599;895;37;0;20;430;206
2016-02-21;20:15:19;1199;6;11;599;548;13;-5;358;190;0;15;602;907;41;0;20;436;206
2016-02-21;20:16:19;1199;6;11;603;553;13;-5;356;190;0;15;607;916;40;0;20;441;207
2016-02-21;20:17:19;1199;6;11;607;557;15;-5;356;190;0;15;612;926;43;0;20;446;207
2016-02-21;20:18:19;1199;6;11;611;558;16;-2;358;190;0;15;614;934;43;0;20;450;206
2016-02-21;20:19:19;1199;6;11;612;559;19;0;358;190;0;15;615;939;47;0;20;454;206
2016-02-21;20:20:19;1199;6;11;614;562;18;2;356;190;0;15;618;944;43;0;20;459;207
2016-02-21;20:21:19;1199;6;11;616;566;16;2;358;190;0;15;622;952;40;0;20;463;206
2016-02-21;20:22:19;1199;6;11;619;570;14;-1;358;190;0;15;626;960;41;0;20;467;206
2016-02-21;20:23:19;1199;6;11;619;567;16;13;356;190;0;2;643;903;70;0;10;471;207
2016-02-21;20:24:19;1199;6;11;621;552;21;22;356;190;162;2;656;799;118;0;10;474;207
2016-02-21;20:25:19;1199;6;11;617;373;26;27;356;190;0;2;637;705;170;0;10;477;207
2016-02-21;20:26:19;1199;6;11;598;337;29;34;356;447;0;2;611;649;206;0;10;480;207
2016-02-21;20:27:19;1199;6;11;578;331;32;44;356;684;0;2;588;609;235;0;10;481;207
2016-02-21;20:28:19;1199;6;11;536;327;35;52;358;900;0;2;548;576;258;0;10;482;206
2016-02-21;20:29:19;1199;6;11;458;323;40;58;356;1000;0;2;491;549;274;0;10;483;207
2016-02-21;20:30:19;1199;6;11;400;320;43;62;358;1000;0;2;441;527;286;0;10;483;206
2016-02-21;20:31:19;1199;6;11;370;318;47;65;358;1000;0;2;407;509;294;0;10;483;206
2016-02-21;20:32:19;1199;6;11;356;315;49;66;358;1000;0;2;384;495;302;0;10;481;206
2016-02-21;20:33:19;1199;6;11;348;313;53;68;356;997;0;2;367;482;307;0;10;475;207
2016-02-21;20:34:19;1199;6;11;342;312;56;69;356;988;0;2;357;472;311;0;10;467;207
2016-02-21;20:35:19;1199;6;11;338;310;59;71;356;972;0;2;349;463;314;0;10;450;207
2016-02-21;20:36:19;1199;6;11;333;275;54;72;358;954;0;15;334;456;316;0;20;392;206
2016-02-21;20:37:19;1199;6;11;380;321;22;28;356;936;0;15;412;629;9;0;20;321;207
2016-02-21;20:38:19;1199;6;11;427;380;21;2;358;918;0;15;448;672;0;0;20;271;206
2016-02-21;20:39:19;1199;6;11;458;407;21;-7;356;900;0;15;468;727;32;0;20;240;207
2016-02-21;20:40:19;1199;6;11;478;423;22;-8;356;882;0;15;483;754;33;0;20;225;207
2016-02-21;20:41:19;1199;6;11;494;435;22;-6;358;864;0;15;498;775;38;0;20;221;206
2016-02-21;20:42:19;1199;6;11;505;445;24;-6;356;846;0;15;507;790;41;0;20;226;207
2016-02-21;20:43:19;1199;6;11;516;455;24;-5;358;828;0;15;517;803;38;0;20;235;206
2016-02-21;20:44:19;1199;6;11;524;465;24;-3;356;810;0;15;526;815;38;0;20;247;207
2016-02-21;20:45:19;1199;6;11;532;472;23;-2;358;792;0;15;534;827;42;0;20;259;206
2016-02-21;20:46:19;1199;6;11;539;480;23;-2;356;774;0;15;540;837;43;0;20;273;207
2016-02-21;20:47:19;1199;6;11;546;488;23;-1;358;756;0;15;548;847;41;0;20;286;206
2016-02-21;20:48:19;1199;6;11;553;494;24;1;356;738;0;15;554;858;42;0;20;298;207
2016-02-21;20:49:19;1199;6;11;559;501;26;2;356;720;0;15;560;866;47;0;20;310;207
2016-02-21;20:50:19;1199;6;11;565;507;26;3;356;702;0;15;566;875;49;0;20;322;207
2016-02-21;20:51:19;1199;6;11;571;514;24;3;356;684;0;15;573;883;41;0;20;333;207
2016-02-21;20:52:19;1199;6;11;575;519;19;1;356;666;0;15;576;893;41;0;20;344;207
2016-02-21;20:53:19;1199;6;11;580;523;19;-1;356;648;0;15;580;902;43;0;20;354;207
2016-02-21;20:54:20;1199;6;11;584;527;18;-3;358;630;0;15;585;909;41;0;20;363;206
2016-02-21;20:55:20;1199;5;11;588;533;18;-3;356;612;0;15;588;918;41;0;20;373;207
2016-02-21;20:56:20;1199;6;11;592;537;18;-1;358;594;0;15;593;925;43;0;20;382;206
2016-02-21;20:57:20;1199;5;11;596;542;17;-2;359;576;0;15;596;932;44;0;20;391;206
2016-02-21;20:58:20;1199;5;11;600;547;17;-1;356;558;0;15;602;939;41;0;20;399;207
2016-02-21;20:59:20;1199;5;11;605;552;18;-1;356;540;0;15;606;946;46;0;20;407;207
2016-02-21;21:00:20;1199;5;11;608;556;18;0;356;522;0;15;612;954;43;0;20;415;207
2016-02-21;21:01:20;1199;5;11;612;560;18;0;356;504;0;15;616;963;46;0;20;421;207
2016-02-21;21:02:20;1199;5;10;616;565;18;1;356;486;0;15;621;968;46;0;20;429;207
2016-02-21;21:03:20;1199;5;10;619;568;18;2;356;468;0;15;626;977;46;0;20;435;207
2016-02-21;21:04:20;1199;4;10;622;568;19;16;355;450;0;2;632;935;70;0;10;442;207
2016-02-21;21:05:20;1199;4;10;622;565;25;26;355;450;162;2;655;837;116;0;10;449;207
2016-02-21;21:06:20;1199;4;10;619;369;29;32;355;450;0;2;641;741;173;0;10;453;207
2016-02-21;21:07:20;1199;4;10;600;311;34;37;355;450;0;2;613;679;210;0;10;457;207
2016-02-21;21:08:20;1199;4;10;579;300;38;47;355;692;0;2;593;639;241;0;10;460;207
2016-02-21;21:09:20;1199;4;10;545;294;41;56;355;913;0;2;554;605;265;0;10;462;207
2016-02-21;21:10:20;1199;4;10;455;290;44;62;358;1000;0;2;492;576;283;0;10;463;206
2016-02-21;21:11:20;1199;4;10;385;288;48;67;355;1000;0;2;433;554;296;0;10;464;207
2016-02-21;21:12:20;1199;4;10;348;286;51;70;355;1000;0;2;391;535;307;0;10;464;207
2016-02-21;21:13:20;1199;4;10;331;284;55;72;355;990;0;2;363;520;315;0;10;464;207
2016-02-21;21:14:20;1199;4;10;320;283;58;73;355;964;0;2;346;507;321;0;10;464;207
2016-02-21;21:15:20;1199;4;10;314;281;62;75;355;928;0;2;333;496;326;0;10;464;207
2016-02-21;21:16:20;1199;4;10;310;280;65;75;355;886;0;2;325;487;329;0;10;464;207
2016-02-21;21:17:20;1199;4;10;306;280;68;76;355;840;0;2;318;479;331;0;10;465;207
2016-02-21;21:18:20;1199;4;10;304;279;71;77;355;791;0;2;313;472;331;0;10;464;207
2016-02-21;21:19:20;1199;4;10;302;279;73;78;355;740;0;2;310;466;332;0;10;465;207
2016-02-21;21:20:20;1199;4;10;300;278;76;79;355;687;0;2;307;460;332;0;10;465;207
2016-02-21;21:21:20;1199;4;10;299;278;79;79;355;632;0;2;304;455;331;0;10;465;207
2016-02-21;21:22:20;1199;4;10;298;278;81;80;355;576;0;2;302;450;331;0;10;465;207
2016-02-21;21:23:20;1199;4;10;297;278;83;81;355;519;0;2;300;445;331;0;10;465;207
2016-02-21;21:24:20;1199;4;10;296;279;86;82;355;461;0;2;299;441;330;0;10;465;207
2016-02-21;21:25:20;1199;4;10;295;279;88;83;355;402;0;2;297;437;329;0;10;465;207
2016-02-21;21:26:20;1199;4;10;294;280;91;83;355;342;0;2;296;434;327;0;10;465;207
2016-02-21;21:27:20;1199;4;10;294;280;92;84;355;281;0;2;295;430;326;0;10;465;207
2016-02-21;21:28:20;1199;4;10;294;280;95;85;355;220;0;2;294;427;325;0;10;465;207
2016-02-21;21:29:20;1199;4;10;293;280;96;86;355;159;0;2;294;423;323;0;10;465;207
2016-02-21;21:30:20;1199;4;10;293;281;99;87;355;97;0;2;293;420;322;0;10;465;207
2016-02-21;21:31:20;1199;4;10;292;281;100;87;355;35;0;2;293;418;320;0;10;465;207
2016-02-21;21:32:20;1199;4;10;292;281;103;88;355;-28;0;2;292;415;319;0;10;465;207
2016-02-21;21:33:20;1199;4;10;291;281;104;90;355;-91;0;2;291;412;317;0;10;465;207
2016-02-21;21:34:20;1199;4;10;291;281;106;90;355;-153;0;2;291;410;316;0;10;464;207
2016-02-21;21:35:20;1199;4;10;291;281;108;91;353;-217;0;2;290;407;315;0;10;464;208
2016-02-21;21:36:20;1199;4;10;290;281;109;92;355;-281;0;2;290;404;313;0;10;464;207
2016-02-21;21:37:20;1199;4;10;290;281;111;92;355;-346;0;2;289;402;312;0;10;464;207
2016-02-21;21:38:20;1199;4;10;290;281;113;94;355;-411;0;2;289;400;311;0;10;464;207
2016-02-21;21:39:20;1199;4;10;289;281;115;94;355;-476;0;2;289;397;310;0;10;464;207
2016-02-21;21:40:20;1199;4;10;289;281;116;95;355;-542;0;2;288;395;308;0;10;464;207
2016-02-21;21:41:20;1199;4;10;286;256;35;73;355;-608;0;7;290;514;57;0;30;464;207
2016-02-21;21:42:20;1199;4;10;307;260;29;11;355;-608;0;7;315;555;1;0;30;463;207
2016-02-21;21:43:20;1199;4;10;317;265;29;-6;355;-608;0;7;321;596;30;0;30;463;207
2016-02-21;21:44:20;1199;4;10;318;265;30;-10;355;-646;0;7;319;607;37;0;30;463;207
2016-02-21;21:45:20;1199;4;10;322;273;32;-10;355;-683;0;7;327;616;37;0;30;463;207
2016-02-21;21:46:20;1199;4;10;329;281;31;-9;355;-715;0;7;333;623;35;0;30;463;207
2016-02-21;21:47:20;1199;3;9;334;285;32;-9;356;-740;0;7;338;628;40;0;30;462;207
2016-02-21;21:48:20;1199;4;9;338;290;32;-8;355;-760;0;7;343;631;34;0;30;462;207
2016-02-21;21:49:20;1199;4;9;343;294;32;-9;355;-776;0;7;346;636;40;0;30;462;207
2016-02-21;21:50:20;1199;4;9;347;297;32;-8;355;-787;0;7;351;640;35;0;30;461;207
2016-02-21;21:51:20;1199;4;9;351;301;32;-8;355;-794;0;7;353;642;38;0;30;461;207
2016-02-21;21:52:20;1199;3;9;354;302;32;-8;356;-798;0;7;357;645;38;0;30;460;207
2016-02-21;21:53:20;1199;3;9;354;302;32;-6;356;-799;0;7;355;643;38;0;30;460;207
2016-02-21;21:54:20;1199;4;9;355;304;35;-6;355;-800;0;7;357;646;40;0;30;460;207
2016-02-21;21:55:20;1199;4;9;357;306;31;-6;355;-801;0;7;358;646;36;0;30;460;207
2016-02-21;21:56:20;1199;4;9;358;308;26;-10;355;-800;0;7;358;650;35;0;30;459;207
2016-02-21;21:57:20;1199;4;9;358;311;22;-12;355;-797;0;7;361;654;27;0;30;459;207
2016-02-21;21:58:20;1199;4;9;361;313;22;-14;355;-794;0;7;362;657;29;0;30;460;207
2016-02-21;21:59:20;1199;3;9;362;314;19;-16;356;-789;0;7;363;660;30;0;30;460;207
2016-02-21;22:00:20;1199;3;9;362;315;19;-16;356;-784;0;7;364;660;24;0;30;459;207
2016-02-21;22:01:20;1199;3;9;364;313;18;-17;356;-777;0;7;364;663;30;0;30;459;207
2016-02-21;22:02:20;1199;3;9;362;311;18;-18;356;-770;0;7;363;660;26;0;30;459;207
2016-02-21;22:03:20;1199;2;9;360;311;18;-19;355;-764;0;7;361;659;26;0;30;459;207
2016-02-21;22:04:20;1199;3;9;360;311;17;-19;356;-760;0;7;361;660;29;0;30;459;207
2016-02-21;22:05:20;1199;2;9;361;312;16;-19;355;-756;0;7;362;660;22;0;30;459;207
2016-02-21;22:06:20;1199;3;9;361;313;16;-19;356;-750;0;7;361;662;27;0;30;459;207
2016-02-21;22:07:20;1199;2;9;362;315;16;-19;355;-745;0;7;364;662;26;0;30;458;207
2016-02-21;22:08:20;1199;3;9;364;317;16;-19;356;-738;0;7;365;663;24;0;30;457;207
2016-02-21;22:09:21;1199;2;9;366;319;14;-19;355;-729;0;7;366;668;26;0;30;455;207
2016-02-21;22:10:21;1199;2;9;366;319;14;-20;355;-718;0;7;368;667;22;0;30;424;207
2016-02-21;22:11:21;1199;2;9;370;384;13;-21;355;-718;0;15;379;679;25;0;20;353;207
2016-02-21;22:12:21;1199;2;9;426;389;11;-19;355;-718;0;15;434;718;23;0;20;296;207
2016-02-21;22:13:21;1199;2;9;457;406;11;-18;355;-718;0;15;463;747;24;0;20;265;207
2016-02-21;22:14:21;1199;2;9;476;422;10;-17;355;-718;0;15;481;769;26;0;20;250;207
2016-02-21;22:15:21;1199;2;9;492;436;10;-17;355;-718;0;15;496;788;29;0;20;244;207
2016-02-21;22:16:21;1199;2;9;504;447;9;-15;355;-718;0;15;506;803;29;0;20;247;207
2016-02-21;22:17:21;1199;2;9;514;456;9;-16;355;-718;0;15;516;814;26;0;20;255;207
2016-02-21;22:18:21;1199;2;9;522;465;9;-16;355;-718;0;15;523;826;26;0;20;266;207
2016-02-21;22:19:21;1199;2;9;530;472;9;-15;355;-718;0;15;531;837;32;0;20;278;207
2016-02-21;22:20:21;1199;2;9;536;479;9;-13;355;-718;0;15;538;847;30;0;20;291;207
2016-02-21;22:21:21;1199;2;9;543;487;9;-13;355;-718;0;15;544;855;28;0;20;303;207
2016-02-21;22:22:21;1199;2;9;549;494;8;-13;355;-718;0;15;550;866;30;0;20;317;207
2016-02-21;22:23:21;1199;2;9;555;500;8;-13;355;-718;0;15;556;876;32;0;20;330;207
2016-02-21;22:24:21;1199;2;9;560;506;9;-12;355;-718;0;15;562;883;34;0;20;342;207
2016-02-21;22:25:21;1199;2;9;566;513;8;-12;355;-718;0;15;567;890;26;0;20;353;207
2016-02-21;22:26:21;1199;2;9;572;518;9;-12;355;-718;0;15;573;899;35;0;20;363;207
2016-02-21;22:27:21;1199;2;9;578;523;10;-10;355;-718;0;15;579;907;34;0;20;374;207
2016-02-21;22:28:21;1199;2;9;582;530;9;-10;355;-718;0;15;583;916;35;0;20;384;207
2016-02-21;22:29:21;1199;2;8;588;535;11;-8;355;-718;0;15;588;923;38;0;20;392;207
2016-02-21;22:30:21;1199;2;8;592;539;9;-8;355;-718;0;15;594;929;29;0;20;401;207
2016-02-21;22:31:21;1199;2;8;479;294;10;-14;355;-718;0;7;420;794;32;0;30;409;207
2016-02-21;22:32:21;1199;2;8;369;293;11;-19;355;-718;0;7;357;722;12;0;30;416;207
2016-02-21;22:33:21;1199;2;8;344;287;11;-23;355;-718;0;7;340;700;26;0;30;421;207
2016-02-21;22:34:21;1199;2;8;339;289;10;-25;355;-730;0;7;341;688;16;0;30;425;207
2016-02-21;22:35:21;1199;2;8;339;290;11;-25;355;-746;0;7;340;685;24;0;30;428;207
2016-02-21;22:36:21;1199;2;8;342;295;11;-25;355;-761;0;7;346;682;20;0;30;430;207
2016-02-21;22:37:21;1199;2;8;349;305;11;-23;355;-773;0;7;351;685;21;0;30;431;207
2016-02-21;22:38:21;1199;2;8;357;312;11;-23;355;-778;0;7;358;691;25;0;30;431;207
2016-02-21;22:39:21;1199;2;8;360;313;11;-23;355;-775;0;7;362;689;19;0;30;431;207
2016-02-21;22:40:21;1199;2;8;361;313;11;-23;355;-770;0;7;360;689;24;0;30;431;207
2016-02-21;22:41:21;1199;2;8;360;312;12;-23;355;-765;0;7;361;687;24;0;30;431;207
2016-02-21;22:42:21;1199;2;8;361;313;12;-21;355;-760;0;7;361;682;19;0;30;430;207
2016-02-21;22:43:21;1199;2;8;361;313;11;-22;355;-754;0;7;361;684;26;0;30;430;207
2016-02-21;22:44:21;1199;2;8;361;315;6;-25;355;-748;0;7;362;684;18;0;30;430;207
2016-02-21;22:45:21;1199;2;8;362;316;7;-26;355;-742;0;7;363;684;18;0;30;430;207
2016-02-21;22:46:21;1199;2;8;404;446;4;-25;359;-742;0;15;444;757;15;0;20;431;206
2016-02-21;22:47:21;1199;2;8;486;484;4;-20;355;-742;0;15;505;808;26;0;20;431;207
2016-02-21;22:48:21;1199;2;8;534;509;6;-17;355;-742;0;15;546;847;26;0;20;431;207
2016-02-21;22:49:21;1199;2;8;564;526;5;-14;355;-742;0;15;571;876;26;0;20;433;207
2016-02-21;22:50:21;1199;2;8;581;539;6;-14;355;-742;0;15;587;899;32;0;20;435;207
2016-02-21;22:51:21;1199;2;8;593;548;5;-12;355;-742;0;15;597;916;32;0;20;438;207
2016-02-21;22:52:21;1199;2;8;600;554;6;-12;355;-742;0;15;607;931;34;0;20;441;207
2016-02-21;22:53:21;1199;2;8;606;559;6;-12;355;-742;0;15;613;944;35;0;20;445;207
2016-02-21;22:54:21;1199;2;8;612;565;4;-11;355;-742;0;15;618;954;36;0;20;450;207
2016-02-21;22:55:21;1199;2;8;616;568;4;-10;355;-742;0;15;623;965;36;0;20;455;207
2016-02-21;22:56:21;1199;2;8;574;312;4;-13;355;-742;0;7;518;883;32;0;30;459;207
2016-02-21;22:57:21;1199;2;8;389;312;4;-23;355;-742;0;7;369;750;-1;0;30;464;207
2016-02-21;22:58:21;1199;2;8;358;299;6;-27;355;-742;0;7;354;720;19;0;30;468;207
2016-02-21;22:59:21;1199;2;8;353;304;6;-28;355;-742;0;7;355;707;11;0;30;472;207
2016-02-21;23:00:21;1199;2;8;353;304;7;-27;355;-743;0;7;354;704;22;0;30;474;207
2016-02-21;23:01:21;1199;2;8;356;311;8;-26;355;-744;0;7;358;701;18;0;30;476;207
2016-02-21;23:02:21;1199;2;8;362;320;9;-25;355;-742;0;7;364;702;20;0;30;477;207
2016-02-21;23:03:21;1199;2;8;369;323;9;-25;355;-734;0;7;370;707;26;0;30;477;207
2016-02-21;23:04:21;1199;2;8;370;321;9;-23;355;-720;0;7;370;701;19;0;30;478;207
2016-02-21;23:05:21;1199;2;8;370;322;9;-23;355;-705;0;7;370;701;22;0;30;478;207
2016-02-21;23:06:21;1199;2;8;370;321;9;-23;355;-689;0;7;370;699;24;0;30;477;207
2016-02-21;23:07:21;1199;2;8;370;322;9;-23;355;-674;0;7;371;696;19;0;30;477;207
2016-02-21;23:08:21;1199;2;8;371;324;9;-23;355;-659;0;7;371;695;22;0;30;477;207
2016-02-21;23:09:21;1199;2;8;373;326;4;-25;355;-644;0;7;373;698;20;0;30;476;207
2016-02-21;23:10:21;1199;2;8;374;328;4;-28;355;-626;0;7;375;699;16;0;30;476;207
2016-02-21;23:11:21;1199;2;8;375;329;2;-27;355;-607;0;7;376;699;16;0;30;475;207
2016-02-21;23:12:21;1199;2;8;376;330;2;-30;355;-586;0;7;377;702;18;0;30;475;207
2016-02-21;23:13:21;1199;2;8;377;331;2;-29;355;-564;0;7;378;699;14;0;30;475;207
2016-02-21;23:14:21;1199;2;7;378;330;3;-28;355;-542;0;7;377;701;20;0;30;474;207
2016-02-21;23:15:22;1199;3;7;378;332;4;-27;356;-519;0;7;378;700;19;0;30;474;207
2016-02-21;23:16:22;1199;2;7;380;332;3;-28;355;-496;0;7;380;698;13;0;30;473;207
2016-02-21;23:17:22;1199;2;7;381;334;4;-28;355;-472;0;7;381;702;19;0;30;473;207
2016-02-21;23:18:22;1199;2;7;382;334;2;-28;355;-446;0;7;382;702;18;0;30;473;207
2016-02-21;23:19:22;1199;2;7;382;335;2;-28;355;-419;0;7;383;701;13;0;30;473;207
2016-02-21;23:20:22;1199;3;7;383;335;3;-28;356;-392;0;7;382;702;20;0;30;473;207
2016-02-21;23:21:22;1199;2;7;383;336;4;-28;355;-365;0;7;383;702;21;0;30;472;207
2016-02-21;23:22:22;1199;2;7;384;337;2;-28;355;-336;0;7;385;701;13;0;30;472;207
2016-02-21;23:23:22;1199;2;7;384;338;1;-30;355;-307;0;7;384;704;16;0;30;472;207
2016-02-21;23:24:23;1199;2;7;385;338;2;-30;355;-278;0;7;385;705;19;0;30;472;207
2016-02-21;23:25:23;1199;2;7;386;339;-1;-30;355;-248;0;7;386;704;13;0;30;473;207
2016-02-21;23:26:23;1199;2;7;386;339;1;-30;355;-217;0;7;386;705;14;0;30;473;207
2016-02-21;23:27:23;1199;2;7;386;340;0;-30;355;-186;0;7;386;707;18;0;30;473;207
2016-02-21;23:28:23;1199;2;7;386;340;1;-30;355;-155;0;7;386;706;13;0;30;473;207
2016-02-21;23:29:23;1199;2;7;387;341;2;-30;355;-124;0;7;387;707;18;0;30;472;207
2016-02-21;23:30:23;1199;2;7;387;342;1;-30;355;-92;0;7;387;708;19;0;30;473;207
2016-02-21;23:31:23;1199;3;7;388;342;2;-30;356;-59;0;7;388;707;14;0;30;472;207
2016-02-21;23:32:23;1199;2;7;388;342;1;-29;355;-26;0;7;388;707;15;0;30;472;207
2016-02-21;23:33:23;1199;3;7;388;342;2;-5;356;7;0;2;395;673;36;0;10;472;207
2016-02-21;23:34:23;1199;2;7;388;341;8;1;355;40;0;2;409;609;75;0;10;472;207
2016-02-21;23:35:23;1199;2;7;389;340;11;6;355;73;0;2;413;553;109;0;10;472;207
2016-02-21;23:36:23;1199;2;7;389;340;14;9;355;110;0;2;411;510;139;0;10;472;207
2016-02-21;23:37:23;1199;2;7;389;340;18;13;355;144;0;2;405;480;160;0;10;472;207
2016-02-21;23:38:23;1199;2;7;387;339;20;16;352;178;0;2;397;460;182;0;10;472;208
2016-02-21;23:39:23;1199;2;7;386;337;23;21;352;210;0;2;389;444;204;0;10;472;208
2016-02-21;23:40:23;1199;2;7;383;336;27;26;355;241;0;2;382;431;221;0;10;472;207
2016-02-21;23:41:23;1199;2;7;378;335;30;29;355;268;0;2;375;419;234;0;10;472;207
2016-02-21;23:42:23;1199;2;7;374;334;32;32;355;291;0;2;368;409;243;0;10;472;207
2016-02-21;23:43:23;1199;2;7;369;333;35;35;355;312;0;2;362;400;252;0;10;472;207
2016-02-21;23:44:23;1199;2;7;365;332;38;37;355;326;0;2;358;392;257;0;10;472;207
2016-02-21;23:45:23;1199;3;7;361;331;41;38;353;339;0;2;354;386;262;0;10;472;208
2016-02-21;23:46:23;1199;2;7;358;331;44;40;355;345;0;2;350;380;265;0;10;472;207
2016-02-21;23:47:23;1199;2;7;355;331;46;41;355;351;0;2;347;375;267;0;10;472;207
2016-02-21;23:48:23;1199;2;7;352;329;49;42;352;354;0;2;344;370;269;0;10;472;208
2016-02-21;23:49:23;1199;2;7;349;329;52;43;355;354;0;2;342;366;271;0;10;472;207
2016-02-21;23:50:23;1199;2;7;347;328;54;43;352;351;0;2;340;362;272;0;10;472;208
2016-02-21;23:51:23;1199;2;7;344;327;56;44;352;346;0;2;338;360;272;0;10;472;208
2016-02-21;23:52:23;1199;2;7;342;326;59;46;355;338;0;2;337;358;272;0;10;472;207
2016-02-21;23:53:23;1199;2;7;340;326;61;46;352;325;0;2;336;356;272;0;10;472;208
2016-02-21;23:54:23;1199;2;7;339;325;63;46;355;310;0;2;335;354;272;0;10;472;207
2016-02-21;23:55:23;1199;2;7;338;324;65;47;355;294;0;2;334;352;272;0;10;472;207
2016-02-21;23:56:23;1199;2;7;337;323;68;47;352;280;0;2;333;350;272;0;10;472;208
2016-02-21;23:57:23;1199;2;7;336;323;69;47;352;262;0;2;332;347;271;0;10;472;208
2016-02-21;23:58:23;1199;2;7;336;322;72;48;352;246;0;2;331;346;271;0;10;472;208
2016-02-21;23:59:23;1199;2;7;335;321;73;49;352;230;0;2;331;344;270;0;10;471;208
